SourceContainer,DestinationContainer,PouringTime,RotationSpeed,MaximumAngle,SourcePosX,SourcePosY,SourcePosZ,DestPosX,DestPosY,DestPosZ,NumberOfParticles,NumberOfFailedParticles,RotationInDegreePerSecond,IsPouringFailed
SM_EspressoCup,SM_Cup,8.996733,10.0,90.0,0.4,-5.554459,57.0,0.4,0.04,47.5,15,0,9.989298,False
SM_EspressoCup,SM_Cup,8.993225,10.0,90.0,0.4,-5.554459,57.0,0.4,0.04,47.5,15,0,9.997023,False
SM_EspressoCup,SM_Cup,8.99946,10.0,90.0,0.4,-5.554459,57.0,0.4,0.04,47.5,15,0,9.981918,False
SM_EspressoCup,SM_Cup,8.995313,10.0,90.0,0.4,-5.554459,57.0,0.4,0.04,47.5,15,0,9.994303,False
SM_EspressoCup,SM_Cup,8.99255,10.0,90.0,0.4,-5.554459,57.0,0.4,0.04,47.5,15,0,9.999118,False
SM_EspressoCup,SM_Cup,9.239189,10.0,90.0,0.4,-5.554459,57.0,0.4,0.04,47.5,15,0,9.992776,False
SM_EspressoCup,SM_Cup,8.993095,10.0,90.0,0.4,-5.554459,57.0,0.4,0.04,47.5,15,0,9.997131,False
SM_EspressoCup,SM_Cup,8.999893,10.0,90.0,0.4,-5.554459,57.0,0.4,0.04,47.5,15,0,9.982677,False
SM_EspressoCup,SM_Cup,8.993612,10.0,90.0,0.4,-5.554459,57.0,0.4,0.04,47.5,15,0,9.985774,False
SM_EspressoCup,SM_Cup,8.997585,10.0,90.0,0.4,-5.554459,57.0,0.4,0.04,47.5,15,0,9.988701,False
SM_EspressoCup,SM_Cup,5.998875,15.0,90.0,0.4,-5.554459,57.0,0.4,0.04,47.5,15,0,14.988785,False
SM_EspressoCup,SM_Cup,5.996036,15.0,90.0,0.4,-5.554459,57.0,0.4,0.04,47.5,15,0,14.978837,False
SM_EspressoCup,SM_Cup,5.994466,15.0,90.0,0.4,-5.554459,57.0,0.4,0.04,47.5,15,0,14.964587,False
SM_EspressoCup,SM_Cup,6.409761,15.0,90.0,0.4,-5.554459,57.0,0.4,0.04,47.5,15,0,14.973563,False
SM_EspressoCup,SM_Cup,6.352765,15.0,90.0,0.4,-5.554459,57.0,0.4,0.04,47.5,15,0,14.991277,False
SM_EspressoCup,SM_Cup,5.999387,15.0,90.0,0.4,-5.554459,57.0,0.4,0.04,47.5,15,0,14.963781,False
SM_EspressoCup,SM_Cup,6.19564,15.0,90.0,0.4,-5.554459,57.0,0.4,0.04,47.5,15,0,14.988647,False
SM_EspressoCup,SM_Cup,5.992076,15.0,90.0,0.4,-5.554459,57.0,0.4,0.04,47.5,15,0,14.981271,False
SM_EspressoCup,SM_Cup,5.995179,15.0,90.0,0.4,-5.554459,57.0,0.4,0.04,47.5,15,0,14.97261,False
SM_EspressoCup,SM_Cup,5.995316,15.0,90.0,0.4,-5.554459,57.0,0.4,0.04,47.5,15,0,14.992565,False
SM_EspressoCup,SM_Cup,4.524027,20.0,90.0,0.4,-5.554459,57.0,0.4,0.04,47.5,15,0,19.956251,False
SM_EspressoCup,SM_Cup,4.89839,20.0,90.0,0.4,-5.554459,57.0,0.4,0.04,47.5,15,0,19.980782,False
SM_EspressoCup,SM_Cup,4.498115,20.0,90.0,0.4,-5.554459,57.0,0.4,0.04,47.5,15,0,19.968243,False
SM_EspressoCup,SM_Cup,5.044426,20.0,90.0,0.4,-5.554459,57.0,0.4,0.04,47.5,15,0,20.000059,False
SM_EspressoCup,SM_Cup,4.49956,20.0,90.0,0.4,-5.554459,57.0,0.4,0.04,47.5,15,0,19.936413,False
SM_EspressoCup,SM_Cup,4.49617,20.0,90.0,0.4,-5.554459,57.0,0.4,0.04,47.5,15,0,19.99807,False
SM_EspressoCup,SM_Cup,4.536259,20.0,90.0,0.4,-5.554459,57.0,0.4,0.04,47.5,15,0,19.976753,False
SM_EspressoCup,SM_Cup,4.492842,20.0,90.0,0.4,-5.554459,57.0,0.4,0.04,47.5,15,0,19.964521,False
SM_EspressoCup,SM_Cup,4.500432,20.0,90.0,0.4,-5.554459,57.0,0.4,0.04,47.5,15,0,19.911907,False
SM_EspressoCup,SM_Cup,4.49443,20.0,90.0,0.4,-5.554459,57.0,0.4,0.04,47.5,15,0,19.89854,False
SM_EspressoCup,SM_Cup,3.594436,25.0,90.0,0.4,-5.554459,57.0,0.4,0.04,47.5,15,0,24.928583,False
SM_EspressoCup,SM_Cup,3.637944,25.0,90.0,0.4,-5.554459,57.0,0.4,0.04,47.5,15,0,24.920712,False
SM_EspressoCup,SM_Cup,3.594586,25.0,90.0,0.4,-5.554459,57.0,0.4,0.04,47.5,15,0,24.88516,False
SM_EspressoCup,SM_Cup,3.594751,25.0,90.0,0.4,-5.554459,57.0,0.4,0.04,47.5,15,0,24.85675,False
SM_EspressoCup,SM_Cup,3.595791,25.0,90.0,0.4,-5.554459,57.0,0.4,0.04,47.5,15,0,24.716249,False
SM_EspressoCup,SM_Cup,3.595303,25.0,90.0,0.4,-5.554459,57.0,0.4,0.04,47.5,15,0,24.947155,False
SM_EspressoCup,SM_Cup,3.598101,25.0,90.0,0.4,-5.554459,57.0,0.4,0.04,47.5,15,0,24.924597,False
SM_EspressoCup,SM_Cup,3.614718,25.0,90.0,0.4,-5.554459,57.0,0.4,0.04,47.5,15,0,24.780163,False
SM_EspressoCup,SM_Cup,3.574331,25.0,90.0,0.4,-5.554459,57.0,0.4,0.04,47.5,15,0,25.228258,False
SM_EspressoCup,SM_Cup,3.593285,25.0,90.0,0.4,-5.554459,57.0,0.4,0.04,47.5,15,0,24.899664,False
SM_EspressoCup,SM_Cup,3.200587,30.0,90.0,0.4,-5.554459,57.0,0.4,0.04,47.5,15,0,29.817066,False
SM_EspressoCup,SM_Cup,3.001103,30.0,90.0,0.4,-5.554459,57.0,0.4,0.04,47.5,15,0,29.962704,False
SM_EspressoCup,SM_Cup,2.99378,30.0,90.0,0.4,-5.554459,57.0,0.4,0.04,47.5,15,0,29.825876,False
SM_EspressoCup,SM_Cup,2.990482,30.0,90.0,0.4,-5.554459,57.0,0.4,0.04,47.5,15,0,29.59824,False
SM_EspressoCup,SM_Cup,3.001713,30.0,90.0,0.4,-5.554459,57.0,0.4,0.04,47.5,15,0,29.804749,False
SM_EspressoCup,SM_Cup,2.991261,30.0,90.0,0.4,-5.554459,57.0,0.4,0.04,47.5,15,0,29.809942,False
SM_EspressoCup,SM_Cup,3.847921,30.0,90.0,0.4,-5.554459,57.0,0.4,0.04,47.5,15,0,29.969032,False
SM_EspressoCup,SM_Cup,3.409245,30.0,90.0,0.4,-5.554459,57.0,0.4,0.04,47.5,15,0,29.699659,False
SM_EspressoCup,SM_Cup,2.998626,30.0,90.0,0.4,-5.554459,57.0,0.4,0.04,47.5,15,0,29.800718,False
SM_EspressoCup,SM_Cup,2.997663,30.0,90.0,0.4,-5.554459,57.0,0.4,0.04,47.5,15,0,29.747847,False
SM_EspressoCup,SM_Cup,2.568348,35.0,90.0,0.4,-5.554459,57.0,0.4,0.04,47.5,15,0,34.917175,False
SM_EspressoCup,SM_Cup,3.462579,35.0,90.0,0.4,-5.554459,57.0,0.4,0.04,47.5,15,0,34.858646,False
SM_EspressoCup,SM_Cup,2.574056,35.0,90.0,0.4,-5.554459,57.0,0.4,0.04,47.5,15,0,34.84903,False
SM_EspressoCup,SM_Cup,2.563125,35.0,90.0,0.4,-5.554459,57.0,0.4,0.04,47.5,15,0,34.922108,False
SM_EspressoCup,SM_Cup,3.10548,35.0,90.0,0.4,-5.554459,57.0,0.4,0.04,47.5,15,0,34.635384,False
SM_EspressoCup,SM_Cup,2.567804,35.0,90.0,0.4,-5.554459,57.0,0.4,0.04,47.5,15,0,35.035114,False
SM_EspressoCup,SM_Cup,2.571028,35.0,90.0,0.4,-5.554459,57.0,0.4,0.04,47.5,15,0,34.96867,False
SM_EspressoCup,SM_Cup,2.658209,35.0,90.0,0.4,-5.554459,57.0,0.4,0.04,47.5,15,0,34.844296,False
SM_EspressoCup,SM_Cup,2.566658,35.0,90.0,0.4,-5.554459,57.0,0.4,0.04,47.5,15,0,34.844864,False
SM_EspressoCup,SM_Cup,2.566423,35.0,90.0,0.4,-5.554459,57.0,0.4,0.04,47.5,15,0,34.846249,False
SM_EspressoCup,SM_Cup,2.953663,40.0,90.0,0.4,-5.554459,57.0,0.4,0.04,47.5,15,0,39.802475,False
SM_EspressoCup,SM_Cup,2.863906,40.0,90.0,0.4,-5.554459,57.0,0.4,0.04,47.5,15,0,39.804325,False
SM_EspressoCup,SM_Cup,2.359021,40.0,90.0,0.4,-5.554459,57.0,0.4,0.04,47.5,15,0,39.985603,False
SM_EspressoCup,SM_Cup,2.625735,40.0,90.0,0.4,-5.554459,57.0,0.4,0.04,47.5,15,0,40.576645,False
SM_EspressoCup,SM_Cup,2.245162,40.0,90.0,0.4,-5.554459,57.0,0.4,0.04,47.5,15,0,39.877251,False
SM_EspressoCup,SM_Cup,2.246615,40.0,90.0,0.4,-5.554459,57.0,0.4,0.04,47.5,15,0,39.82584,False
SM_EspressoCup,SM_Cup,3.053567,40.0,90.0,0.4,-5.554459,57.0,0.4,0.04,47.5,15,0,39.887554,False
SM_EspressoCup,SM_Cup,2.435268,40.0,90.0,0.4,-5.554459,57.0,0.4,0.04,47.5,15,0,39.933105,False
SM_EspressoCup,SM_Cup,2.245667,40.0,90.0,0.4,-5.554459,57.0,0.4,0.04,47.5,15,0,39.859764,False
SM_EspressoCup,SM_Cup,2.77249,40.0,90.0,0.4,-5.554459,57.0,0.4,0.04,47.5,15,0,39.795494,False
SM_EspressoCup,SM_Cup,1.997839,45.0,90.0,0.4,-5.554459,57.0,0.4,0.04,47.5,15,0,44.724972,False
SM_EspressoCup,SM_Cup,2.139928,45.0,90.0,0.4,-5.554459,57.0,0.4,0.04,47.5,15,0,44.742992,False
SM_EspressoCup,SM_Cup,2.075216,45.0,90.0,0.4,-5.554459,57.0,0.4,0.04,47.5,15,0,44.991501,False
SM_EspressoCup,SM_Cup,1.997012,45.0,90.0,0.4,-5.554459,57.0,0.4,0.04,47.5,15,0,44.779858,False
SM_EspressoCup,SM_Cup,2.356175,45.0,90.0,0.4,-5.554459,57.0,0.4,0.04,47.5,15,0,44.726002,False
SM_EspressoCup,SM_Cup,2.518725,45.0,90.0,0.4,-5.554459,57.0,0.4,0.04,47.5,15,0,44.685154,False
SM_EspressoCup,SM_Cup,2.335282,45.0,90.0,0.4,-5.554459,57.0,0.4,0.04,47.5,15,0,44.915379,False
SM_EspressoCup,SM_Cup,1.993358,45.0,90.0,0.4,-5.554459,57.0,0.4,0.04,47.5,15,0,44.945538,False
SM_EspressoCup,SM_Cup,2.4463,45.0,90.0,0.4,-5.554459,57.0,0.4,0.04,47.5,15,0,44.765377,False
SM_EspressoCup,SM_Cup,1.994656,45.0,90.0,0.4,-5.554459,57.0,0.4,0.04,47.5,15,0,44.995281,False
SM_EspressoCup,SM_Cup,2.796195,50.0,90.0,0.4,-5.554459,57.0,0.4,0.04,47.5,15,0,49.753532,False
SM_EspressoCup,SM_Cup,1.792435,50.0,90.0,0.4,-5.554459,57.0,0.4,0.04,47.5,15,0,49.961163,False
SM_EspressoCup,SM_Cup,1.79416,50.0,90.0,0.4,-5.554459,57.0,0.4,0.04,47.5,15,0,49.863686,False
SM_EspressoCup,SM_Cup,2.156943,50.0,90.0,0.4,-5.554459,57.0,0.4,0.04,47.5,15,0,49.620399,False
SM_EspressoCup,SM_Cup,2.243297,50.0,90.0,0.4,-5.554459,57.0,0.4,0.04,47.5,15,0,49.912079,False
SM_EspressoCup,SM_Cup,1.797605,50.0,90.0,0.4,-5.554459,57.0,0.4,0.04,47.5,15,0,49.579056,False
SM_EspressoCup,SM_Cup,1.89789,50.0,90.0,0.4,-5.554459,57.0,0.4,0.04,47.5,15,0,49.718616,False
SM_EspressoCup,SM_Cup,2.440226,50.0,90.0,0.4,-5.554459,57.0,0.4,0.04,47.5,15,0,49.650608,False
SM_EspressoCup,SM_Cup,1.968253,50.0,90.0,0.4,-5.554459,57.0,0.4,0.04,47.5,15,0,49.976757,False
SM_EspressoCup,SM_Cup,2.525261,50.0,90.0,0.4,-5.554459,57.0,0.4,0.04,47.5,15,0,49.585571,False
SM_EspressoCup,SM_Cup,1.63121,55.0,90.0,0.4,-5.554459,57.0,0.4,0.04,47.5,15,0,54.700302,False
SM_EspressoCup,SM_Cup,2.275851,55.0,90.0,0.4,-5.554459,57.0,0.4,0.04,47.5,15,0,54.564972,False
SM_EspressoCup,SM_Cup,2.609881,55.0,90.0,0.4,-5.554459,57.0,0.4,0.04,47.5,15,0,54.446281,False
SM_EspressoCup,SM_Cup,1.96697,55.0,90.0,0.4,-5.554459,57.0,0.4,0.04,47.5,15,0,54.474854,False
SM_EspressoCup,SM_Cup,2.098975,55.0,90.0,0.4,-5.554459,57.0,0.4,0.04,47.5,15,0,54.615536,False
SM_EspressoCup,SM_Cup,1.635024,55.0,90.0,0.4,-5.554459,57.0,0.4,0.04,47.5,15,0,54.990765,False
SM_EspressoCup,SM_Cup,2.331592,55.0,90.0,0.4,-5.554459,57.0,0.4,0.04,47.5,15,0,54.66386,False
SM_EspressoCup,SM_Cup,1.688483,55.0,90.0,0.4,-5.554459,57.0,0.4,0.04,47.5,15,0,54.792309,False
SM_EspressoCup,SM_Cup,1.63439,55.0,90.0,0.4,-5.554459,57.0,0.4,0.04,47.5,15,0,54.773537,False
SM_EspressoCup,SM_Cup,1.811698,55.0,90.0,0.4,-5.554459,57.0,0.4,0.04,47.5,15,0,54.87764,False
SM_EspressoCup,SM_Cup,2.285671,60.0,90.0,0.4,-5.554459,57.0,0.4,0.04,47.5,15,0,59.954357,False
SM_EspressoCup,SM_Cup,1.659018,60.0,90.0,0.4,-5.554459,57.0,0.4,0.04,47.5,15,0,59.980942,False
SM_EspressoCup,SM_Cup,1.608845,60.0,90.0,0.4,-5.554459,57.0,0.4,0.04,47.5,15,0,59.961369,False
SM_EspressoCup,SM_Cup,1.650813,60.0,90.0,0.4,-5.554459,57.0,0.4,0.04,47.5,15,0,59.953827,False
SM_EspressoCup,SM_Cup,1.925326,60.0,90.0,0.4,-5.554459,57.0,0.4,0.04,47.5,15,0,59.35371,False
SM_EspressoCup,SM_Cup,1.913685,60.0,90.0,0.4,-5.554459,57.0,0.4,0.04,47.5,15,0,59.59016,False
SM_EspressoCup,SM_Cup,1.493713,60.0,90.0,0.4,-5.554459,57.0,0.4,0.04,47.5,15,0,59.884693,False
SM_EspressoCup,SM_Cup,1.644794,60.0,90.0,0.4,-5.554459,57.0,0.4,0.04,47.5,15,0,59.865112,False
SM_EspressoCup,SM_Cup,2.32767,60.0,90.0,0.4,-5.554459,57.0,0.4,0.04,47.5,15,0,59.793419,False
SM_EspressoCup,SM_Cup,1.939068,60.0,90.0,0.4,-5.554459,57.0,0.4,0.04,47.5,15,0,59.552307,False
SM_EspressoCup,SM_Cup,1.755563,65.0,90.0,0.4,-5.554459,57.0,0.4,0.04,47.5,15,0,62.311005,False
SM_EspressoCup,SM_Cup,1.841185,65.0,90.0,0.4,-5.554459,57.0,0.4,0.04,47.5,15,0,64.33654,False
SM_EspressoCup,SM_Cup,1.747196,65.0,90.0,0.4,-5.554459,57.0,0.4,0.04,47.5,15,0,64.274681,False
SM_EspressoCup,SM_Cup,1.544959,65.0,90.0,0.4,-5.554459,57.0,0.4,0.04,47.5,15,0,64.990433,False
SM_EspressoCup,SM_Cup,1.649869,65.0,90.0,0.4,-5.554459,57.0,0.4,0.04,47.5,15,0,64.303383,False
SM_EspressoCup,SM_Cup,1.778269,65.0,90.0,0.4,-5.554459,57.0,0.4,0.04,47.5,15,0,64.482262,False
SM_EspressoCup,SM_Cup,2.009082,65.0,90.0,0.4,-5.554459,57.0,0.4,0.04,47.5,15,0,64.993935,False
SM_EspressoCup,SM_Cup,1.378154,65.0,90.0,0.4,-5.554459,57.0,0.4,0.04,47.5,15,0,64.840996,False
SM_EspressoCup,SM_Cup,1.377574,65.0,90.0,0.4,-5.554459,57.0,0.4,0.04,47.5,15,0,64.911766,False
SM_EspressoCup,SM_Cup,2.446592,65.0,90.0,0.4,-5.554459,57.0,0.4,0.04,47.5,15,0,64.608871,False
SM_EspressoCup,SM_Cup,1.487547,70.0,90.0,0.4,-5.554459,57.0,0.4,0.04,47.5,15,0,69.674507,False
SM_EspressoCup,SM_Cup,1.278945,70.0,90.0,0.4,-5.554459,57.0,0.4,0.04,47.5,15,0,69.784195,False
SM_EspressoCup,SM_Cup,1.44065,70.0,90.0,0.4,-5.554459,57.0,0.4,0.04,47.5,15,0,69.625717,False
SM_EspressoCup,SM_Cup,2.117255,70.0,90.0,0.4,-5.554459,57.0,0.4,0.04,47.5,15,0,69.172028,False
SM_EspressoCup,SM_Cup,1.667851,70.0,90.0,0.4,-5.554459,57.0,0.4,0.04,47.5,15,0,69.110756,False
SM_EspressoCup,SM_Cup,1.285105,70.0,90.0,0.4,-5.554459,57.0,0.4,0.04,47.5,15,0,69.117844,False
SM_EspressoCup,SM_Cup,1.640934,70.0,90.0,0.4,-5.554459,57.0,0.4,0.04,47.5,15,0,69.284035,False
SM_EspressoCup,SM_Cup,1.615534,70.0,90.0,0.4,-5.554459,57.0,0.4,0.04,47.5,15,0,69.354103,False
SM_EspressoCup,SM_Cup,1.360956,70.0,90.0,0.4,-5.554459,57.0,0.4,0.04,47.5,15,0,69.849236,False
SM_EspressoCup,SM_Cup,1.752589,70.0,90.0,0.4,-5.554459,57.0,0.4,0.04,47.5,15,0,69.869629,False
SM_EspressoCup,SM_Cup,1.196341,75.0,90.0,0.4,-5.554459,57.0,0.4,0.04,47.5,15,0,74.622154,False
SM_EspressoCup,SM_Cup,1.366012,75.0,90.0,0.4,-5.554459,57.0,0.4,0.04,47.5,15,0,74.062042,False
SM_EspressoCup,SM_Cup,1.699534,75.0,90.0,0.4,-5.554459,57.0,0.4,0.04,47.5,15,0,74.158882,False
SM_EspressoCup,SM_Cup,1.468871,75.0,90.0,0.4,-5.554459,57.0,0.4,0.04,47.5,15,0,74.740234,False
SM_EspressoCup,SM_Cup,1.199476,75.0,90.0,0.4,-5.554459,57.0,0.4,0.04,47.5,15,0,74.237625,False
SM_EspressoCup,SM_Cup,1.832558,75.0,90.0,0.4,-5.554459,57.0,0.4,0.04,47.5,15,0,74.081039,False
SM_EspressoCup,SM_Cup,1.195752,75.0,90.0,0.4,-5.554459,57.0,0.4,0.04,47.5,15,0,74.569244,False
SM_EspressoCup,SM_Cup,2.089984,75.0,90.0,0.4,-5.554459,57.0,0.4,0.04,47.5,15,0,74.945442,False
SM_EspressoCup,SM_Cup,1.199844,75.0,90.0,0.4,-5.554459,57.0,0.4,0.04,47.5,15,0,73.993355,False
SM_EspressoCup,SM_Cup,1.862575,75.0,90.0,0.4,-5.554459,57.0,0.4,0.04,47.5,15,0,74.51133,False
SM_EspressoCup,SM_Cup,1.289399,80.0,90.0,0.4,-5.554459,57.0,0.4,0.04,47.5,15,0,79.272194,False
SM_EspressoCup,SM_Cup,1.229798,80.0,90.0,0.4,-5.554459,57.0,0.4,0.04,47.5,15,0,78.900124,False
SM_EspressoCup,SM_Cup,1.32612,80.0,90.0,0.4,-5.554459,57.0,0.4,0.04,47.5,15,0,79.362617,False
SM_EspressoCup,SM_Cup,1.519262,80.0,90.0,0.4,-5.554459,57.0,0.4,0.04,47.5,15,0,79.055244,False
SM_EspressoCup,SM_Cup,1.166757,80.0,90.0,0.4,-5.554459,57.0,0.4,0.04,47.5,15,0,79.401306,False
SM_EspressoCup,SM_Cup,1.380736,80.0,90.0,0.4,-5.554459,57.0,0.4,0.04,47.5,15,0,78.638039,False
SM_EspressoCup,SM_Cup,1.188968,80.0,90.0,0.4,-5.554459,57.0,0.4,0.04,47.5,15,0,79.837601,False
SM_EspressoCup,SM_Cup,1.747886,80.0,90.0,0.4,-5.554459,57.0,0.4,0.04,47.5,15,0,79.785858,False
SM_EspressoCup,SM_Cup,1.797999,80.0,90.0,0.4,-5.554459,57.0,0.4,0.04,47.5,15,0,79.729584,False
SM_EspressoCup,SM_Cup,1.739778,80.0,90.0,0.4,-5.554459,57.0,0.4,0.04,47.5,15,0,79.750824,False
SM_EspressoCup,SM_Cup,1.054569,85.0,90.0,0.4,-5.554459,57.0,0.4,0.04,47.5,15,0,84.319237,False
SM_EspressoCup,SM_Cup,2.364223,85.0,90.0,0.4,-5.554459,57.0,0.4,0.04,47.5,15,0,84.870499,False
SM_EspressoCup,SM_Cup,1.051212,85.0,90.0,0.4,-5.554459,57.0,0.4,0.04,47.5,15,0,84.187622,False
SM_EspressoCup,SM_Cup,1.293188,85.0,90.0,0.4,-5.554459,57.0,0.4,0.04,47.5,15,0,84.273529,False
SM_EspressoCup,SM_Cup,1.325179,85.0,90.0,0.4,-5.554459,57.0,0.4,0.04,47.5,15,0,84.350052,False
SM_EspressoCup,SM_Cup,1.25376,85.0,90.0,0.4,-5.554459,57.0,0.4,0.04,47.5,15,0,83.789627,False
SM_EspressoCup,SM_Cup,1.36817,85.0,90.0,0.4,-5.554459,57.0,0.4,0.04,47.5,15,0,84.210258,False
SM_EspressoCup,SM_Cup,1.050856,85.0,90.0,0.4,-5.554459,57.0,0.4,0.04,47.5,15,0,84.248932,False
SM_EspressoCup,SM_Cup,1.055391,85.0,90.0,0.4,-5.554459,57.0,0.4,0.04,47.5,15,0,84.848091,False
SM_EspressoCup,SM_Cup,1.122964,85.0,90.0,0.4,-5.554459,57.0,0.4,0.04,47.5,15,0,84.842918,False
SM_EspressoCup,SM_Cup,1.552029,90.0,90.0,0.4,-5.554459,57.0,0.4,0.04,47.5,15,0,89.645622,False
SM_EspressoCup,SM_Cup,1.471937,90.0,90.0,0.4,-5.554459,57.0,0.4,0.04,47.5,15,0,89.082024,False
SM_EspressoCup,SM_Cup,1.873874,90.0,90.0,0.4,-5.554459,57.0,0.4,0.04,47.5,15,0,88.729301,False
SM_EspressoCup,SM_Cup,1.462694,90.0,90.0,0.4,-5.554459,57.0,0.4,0.04,47.5,15,0,89.237839,False
SM_EspressoCup,SM_Cup,1.72728,90.0,90.0,0.4,-5.554459,57.0,0.4,0.04,47.5,15,0,89.73835,False
SM_EspressoCup,SM_Cup,1.173771,90.0,90.0,0.4,-5.554459,57.0,0.4,0.04,47.5,15,0,88.861084,False
SM_EspressoCup,SM_Cup,1.169396,90.0,90.0,0.4,-5.554459,57.0,0.4,0.04,47.5,15,0,89.581474,False
SM_EspressoCup,SM_Cup,1.711189,90.0,90.0,0.4,-5.554459,57.0,0.4,0.04,47.5,15,0,89.496483,False
SM_EspressoCup,SM_Cup,1.414603,90.0,90.0,0.4,-5.554459,57.0,0.4,0.04,47.5,15,0,89.00441,False
SM_EspressoCup,SM_Cup,1.275464,90.0,90.0,0.4,-5.554459,57.0,0.4,0.04,47.5,15,0,88.894409,False
SM_EspressoCup,SM_Cup,1.245194,95.0,90.0,0.4,-5.554459,57.0,0.4,0.04,47.5,15,0,94.06765,False
SM_EspressoCup,SM_Cup,0.946228,95.0,90.0,0.4,-5.554459,57.0,0.4,0.04,47.5,15,0,94.550674,False
SM_EspressoCup,SM_Cup,1.192368,95.0,90.0,0.4,-5.554459,57.0,0.4,0.04,47.5,15,0,94.602699,False
SM_EspressoCup,SM_Cup,1.454303,95.0,90.0,0.4,-5.554459,57.0,0.4,0.04,47.5,15,0,93.939667,False
SM_EspressoCup,SM_Cup,2.779835,95.0,90.0,0.4,-5.554459,57.0,0.4,0.04,47.5,15,0,92.568352,False
SM_EspressoCup,SM_Cup,1.692748,95.0,90.0,0.4,-5.554459,57.0,0.4,0.04,47.5,15,0,95.041702,False
SM_EspressoCup,SM_Cup,2.187403,95.0,90.0,0.4,-5.554459,57.0,0.4,0.04,47.5,15,0,93.47364,False
SM_EspressoCup,SM_Cup,2.167227,95.0,90.0,0.4,-5.554459,57.0,0.4,0.04,47.5,15,1,91.097031,True
SM_EspressoCup,SM_Cup,1.777603,95.0,90.0,0.4,-5.554459,57.0,0.4,0.04,47.5,15,0,95.111031,False
SM_EspressoCup,SM_Cup,1.593605,95.0,90.0,0.4,-5.554459,57.0,0.4,0.04,47.5,15,0,93.758202,False
SM_EspressoCup,SM_Cup,1.139114,100.0,90.0,0.4,-5.554459,57.0,0.4,0.04,47.5,15,0,97.712486,False
SM_EspressoCup,SM_Cup,1.042784,100.0,90.0,0.4,-5.554459,57.0,0.4,0.04,47.5,15,0,99.438316,False
SM_EspressoCup,SM_Cup,1.42885,100.0,90.0,0.4,-5.554459,57.0,0.4,0.04,47.5,15,0,95.966408,False
SM_EspressoCup,SM_Cup,1.814302,100.0,90.0,0.4,-5.554459,57.0,0.4,0.04,47.5,15,0,97.096596,False
SM_EspressoCup,SM_Cup,1.294204,100.0,90.0,0.4,-5.554459,57.0,0.4,0.04,47.5,15,0,97.875809,False
SM_EspressoCup,SM_Cup,1.76606,100.0,90.0,0.4,-5.554459,57.0,0.4,0.04,47.5,15,0,96.392014,False
SM_EspressoCup,SM_Cup,1.280355,100.0,90.0,0.4,-5.554459,57.0,0.4,0.04,47.5,15,0,99.452766,False
SM_EspressoCup,SM_Cup,2.183779,100.0,90.0,0.4,-5.554459,57.0,0.4,0.04,47.5,15,0,99.243797,False
SM_EspressoCup,SM_Cup,1.638911,100.0,90.0,0.4,-5.554459,57.0,0.4,0.04,47.5,15,0,98.346878,False
SM_EspressoCup,SM_Cup,0.900364,100.0,90.0,0.4,-5.554459,57.0,0.4,0.04,47.5,15,0,97.606224,False
SM_EspressoCup,SM_Cup,1.937927,105.0,90.0,0.4,-5.554459,57.0,0.4,0.04,47.5,15,0,103.569229,False
SM_EspressoCup,SM_Cup,1.589591,105.0,90.0,0.4,-5.554459,57.0,0.4,0.04,47.5,15,0,104.584572,False
SM_EspressoCup,SM_Cup,1.385481,105.0,90.0,0.4,-5.554459,57.0,0.4,0.04,47.5,15,0,102.479668,False
SM_EspressoCup,SM_Cup,1.466912,105.0,90.0,0.4,-5.554459,57.0,0.4,0.04,47.5,15,0,101.830269,False
SM_EspressoCup,SM_Cup,1.733471,105.0,90.0,0.4,-5.554459,57.0,0.4,0.04,47.5,15,0,102.487091,False
SM_EspressoCup,SM_Cup,1.550578,105.0,90.0,0.4,-5.554459,57.0,0.4,0.04,47.5,15,0,102.857216,False
SM_EspressoCup,SM_Cup,1.729955,105.0,90.0,0.4,-5.554459,57.0,0.4,0.04,47.5,15,0,102.964088,False
SM_EspressoCup,SM_Cup,1.559223,105.0,90.0,0.4,-5.554459,57.0,0.4,0.04,47.5,15,0,103.916443,False
SM_EspressoCup,SM_Cup,0.851388,105.0,90.0,0.4,-5.554459,57.0,0.4,0.04,47.5,15,0,104.074623,False
SM_EspressoCup,SM_Cup,1.522519,105.0,90.0,0.4,-5.554459,57.0,0.4,0.04,47.5,15,0,104.248253,False
SM_EspressoCup,SM_Cup,9.49198,10.0,95.0,0.4,-5.554459,57.0,0.4,0.04,47.5,15,0,9.982582,False
SM_EspressoCup,SM_Cup,9.495182,10.0,95.0,0.4,-5.554459,57.0,0.4,0.04,47.5,15,0,9.976481,False
SM_EspressoCup,SM_Cup,9.496846,10.0,95.0,0.4,-5.554459,57.0,0.4,0.04,47.5,15,0,9.974279,False
SM_EspressoCup,SM_Cup,9.496,10.0,95.0,0.4,-5.554459,57.0,0.4,0.04,47.5,15,0,9.965125,False
SM_EspressoCup,SM_Cup,9.51469,10.0,95.0,0.4,-5.554459,57.0,0.4,0.04,47.5,15,0,9.987263,False
SM_EspressoCup,SM_Cup,10.10886,10.0,95.0,0.4,-5.554459,57.0,0.4,0.04,47.5,15,0,9.990729,False
SM_EspressoCup,SM_Cup,10.791142,10.0,95.0,0.4,-5.554459,57.0,0.4,0.04,47.5,15,0,9.987419,False
SM_EspressoCup,SM_Cup,9.6427,10.0,95.0,0.4,-5.554459,57.0,0.4,0.04,47.5,15,0,9.99305,False
SM_EspressoCup,SM_Cup,9.495313,10.0,95.0,0.4,-5.554459,57.0,0.4,0.04,47.5,15,0,9.979215,False
SM_EspressoCup,SM_Cup,9.500792,10.0,95.0,0.4,-5.554459,57.0,0.4,0.04,47.5,15,0,9.978953,False
SM_EspressoCup,SM_Cup,6.330054,15.0,95.0,0.4,-5.554459,57.0,0.4,0.04,47.5,15,0,14.957246,False
SM_EspressoCup,SM_Cup,7.301196,15.0,95.0,0.4,-5.554459,57.0,0.4,0.04,47.5,15,0,14.953321,False
SM_EspressoCup,SM_Cup,6.360981,15.0,95.0,0.4,-5.554459,57.0,0.4,0.04,47.5,15,0,14.975405,False
SM_EspressoCup,SM_Cup,7.448731,15.0,95.0,0.4,-5.554459,57.0,0.4,0.04,47.5,15,0,14.957063,False
SM_EspressoCup,SM_Cup,6.367104,15.0,95.0,0.4,-5.554459,57.0,0.4,0.04,47.5,15,0,14.994933,False
SM_EspressoCup,SM_Cup,6.327178,15.0,95.0,0.4,-5.554459,57.0,0.4,0.04,47.5,15,0,14.984697,False
SM_EspressoCup,SM_Cup,6.334452,15.0,95.0,0.4,-5.554459,57.0,0.4,0.04,47.5,15,0,14.946362,False
SM_EspressoCup,SM_Cup,6.33329,15.0,95.0,0.4,-5.554459,57.0,0.4,0.04,47.5,15,0,14.988512,False
SM_EspressoCup,SM_Cup,6.329389,15.0,95.0,0.4,-5.554459,57.0,0.4,0.04,47.5,15,0,14.987579,False
SM_EspressoCup,SM_Cup,6.323681,15.0,95.0,0.4,-5.554459,57.0,0.4,0.04,47.5,15,0,14.949601,False
SM_EspressoCup,SM_Cup,6.125073,20.0,95.0,0.4,-5.554459,57.0,0.4,0.04,47.5,15,0,19.90521,False
SM_EspressoCup,SM_Cup,5.172904,20.0,95.0,0.4,-5.554459,57.0,0.4,0.04,47.5,15,0,19.959089,False
SM_EspressoCup,SM_Cup,4.74229,20.0,95.0,0.4,-5.554459,57.0,0.4,0.04,47.5,15,0,19.962234,False
SM_EspressoCup,SM_Cup,4.796003,20.0,95.0,0.4,-5.554459,57.0,0.4,0.04,47.5,15,0,19.92543,False
SM_EspressoCup,SM_Cup,5.547077,20.0,95.0,0.4,-5.554459,57.0,0.4,0.04,47.5,15,0,19.959742,False
SM_EspressoCup,SM_Cup,4.783806,20.0,95.0,0.4,-5.554459,57.0,0.4,0.04,47.5,15,0,19.976707,False
SM_EspressoCup,SM_Cup,5.292926,20.0,95.0,0.4,-5.554459,57.0,0.4,0.04,47.5,15,0,19.936495,False
SM_EspressoCup,SM_Cup,4.750729,20.0,95.0,0.4,-5.554459,57.0,0.4,0.04,47.5,15,0,19.914764,False
SM_EspressoCup,SM_Cup,4.749419,20.0,95.0,0.4,-5.554459,57.0,0.4,0.04,47.5,15,0,19.897177,False
SM_EspressoCup,SM_Cup,4.750538,20.0,95.0,0.4,-5.554459,57.0,0.4,0.04,47.5,15,0,19.96512,False
SM_EspressoCup,SM_Cup,4.481541,25.0,95.0,0.4,-5.554459,57.0,0.4,0.04,47.5,15,0,24.901714,False
SM_EspressoCup,SM_Cup,3.792496,25.0,95.0,0.4,-5.554459,57.0,0.4,0.04,47.5,15,0,24.919525,False
SM_EspressoCup,SM_Cup,4.355926,25.0,95.0,0.4,-5.554459,57.0,0.4,0.04,47.5,15,0,24.858437,False
SM_EspressoCup,SM_Cup,3.796904,25.0,95.0,0.4,-5.554459,57.0,0.4,0.04,47.5,15,0,24.928387,False
SM_EspressoCup,SM_Cup,3.799442,25.0,95.0,0.4,-5.554459,57.0,0.4,0.04,47.5,15,0,24.960825,False
SM_EspressoCup,SM_Cup,3.793669,25.0,95.0,0.4,-5.554459,57.0,0.4,0.04,47.5,15,0,24.976105,False
SM_EspressoCup,SM_Cup,4.151772,25.0,95.0,0.4,-5.554459,57.0,0.4,0.04,47.5,15,0,24.982901,False
SM_EspressoCup,SM_Cup,4.135317,25.0,95.0,0.4,-5.554459,57.0,0.4,0.04,47.5,15,0,24.884981,False
SM_EspressoCup,SM_Cup,3.798964,25.0,95.0,0.4,-5.554459,57.0,0.4,0.04,47.5,15,0,24.903257,False
SM_EspressoCup,SM_Cup,3.799463,25.0,95.0,0.4,-5.554459,57.0,0.4,0.04,47.5,15,0,24.934189,False
SM_EspressoCup,SM_Cup,3.165579,30.0,95.0,0.4,-5.554459,57.0,0.4,0.04,47.5,15,0,29.87097,False
SM_EspressoCup,SM_Cup,3.161281,30.0,95.0,0.4,-5.554459,57.0,0.4,0.04,47.5,15,0,29.942362,False
SM_EspressoCup,SM_Cup,3.164941,30.0,95.0,0.4,-5.554459,57.0,0.4,0.04,47.5,15,0,29.889111,False
SM_EspressoCup,SM_Cup,4.265946,30.0,95.0,0.4,-5.554459,57.0,0.4,0.04,47.5,15,0,29.900982,False
SM_EspressoCup,SM_Cup,3.166432,30.0,95.0,0.4,-5.554459,57.0,0.4,0.04,47.5,15,0,29.84297,False
SM_EspressoCup,SM_Cup,4.955201,30.0,95.0,0.4,-5.554459,57.0,0.4,0.04,47.5,15,0,29.881258,False
SM_EspressoCup,SM_Cup,4.285922,30.0,95.0,0.4,-5.554459,57.0,0.4,0.04,47.5,15,0,29.96912,False
SM_EspressoCup,SM_Cup,3.997044,30.0,95.0,0.4,-5.554459,57.0,0.4,0.04,47.5,15,0,29.837383,False
SM_EspressoCup,SM_Cup,3.173634,30.0,95.0,0.4,-5.554459,57.0,0.4,0.04,47.5,15,0,29.862289,False
SM_EspressoCup,SM_Cup,3.161335,30.0,95.0,0.4,-5.554459,57.0,0.4,0.04,47.5,15,0,29.945559,False
SM_EspressoCup,SM_Cup,2.758937,35.0,95.0,0.4,-5.554459,57.0,0.4,0.04,47.5,15,0,34.829369,False
SM_EspressoCup,SM_Cup,2.707555,35.0,95.0,0.4,-5.554459,57.0,0.4,0.04,47.5,15,0,34.968536,False
SM_EspressoCup,SM_Cup,3.076782,35.0,95.0,0.4,-5.554459,57.0,0.4,0.04,47.5,15,0,34.904358,False
SM_EspressoCup,SM_Cup,3.157672,35.0,95.0,0.4,-5.554459,57.0,0.4,0.04,47.5,15,0,34.858753,False
SM_EspressoCup,SM_Cup,2.86997,35.0,95.0,0.4,-5.554459,57.0,0.4,0.04,47.5,15,0,34.93755,False
SM_EspressoCup,SM_Cup,2.7085,35.0,95.0,0.4,-5.554459,57.0,0.4,0.04,47.5,15,0,34.856594,False
SM_EspressoCup,SM_Cup,2.707009,35.0,95.0,0.4,-5.554459,57.0,0.4,0.04,47.5,15,0,34.907467,False
SM_EspressoCup,SM_Cup,2.774711,35.0,95.0,0.4,-5.554459,57.0,0.4,0.04,47.5,15,0,34.892273,False
SM_EspressoCup,SM_Cup,3.689554,35.0,95.0,0.4,-5.554459,57.0,0.4,0.04,47.5,15,0,34.94693,False
SM_EspressoCup,SM_Cup,2.976212,35.0,95.0,0.4,-5.554459,57.0,0.4,0.04,47.5,15,0,34.80751,False
SM_EspressoCup,SM_Cup,2.587726,40.0,95.0,0.4,-5.554459,57.0,0.4,0.04,47.5,15,0,39.990757,False
SM_EspressoCup,SM_Cup,2.388617,40.0,95.0,0.4,-5.554459,57.0,0.4,0.04,47.5,15,0,39.82238,False
SM_EspressoCup,SM_Cup,3.305481,40.0,95.0,0.4,-5.554459,57.0,0.4,0.04,47.5,15,0,39.983463,False
SM_EspressoCup,SM_Cup,2.662342,40.0,95.0,0.4,-5.554459,57.0,0.4,0.04,47.5,15,0,39.892361,False
SM_EspressoCup,SM_Cup,2.367724,40.0,95.0,0.4,-5.554459,57.0,0.4,0.04,47.5,15,0,39.822456,False
SM_EspressoCup,SM_Cup,3.53707,40.0,95.0,0.4,-5.554459,57.0,0.4,0.04,47.5,15,0,39.719799,False
SM_EspressoCup,SM_Cup,2.915368,40.0,95.0,0.4,-5.554459,57.0,0.4,0.04,47.5,15,0,39.760914,False
SM_EspressoCup,SM_Cup,3.1254,40.0,95.0,0.4,-5.554459,57.0,0.4,0.04,47.5,15,0,39.745419,False
SM_EspressoCup,SM_Cup,2.749444,40.0,95.0,0.4,-5.554459,57.0,0.4,0.04,47.5,15,0,39.716309,False
SM_EspressoCup,SM_Cup,2.743501,40.0,95.0,0.4,-5.554459,57.0,0.4,0.04,47.5,15,0,39.957317,False
SM_EspressoCup,SM_Cup,2.122079,45.0,95.0,0.4,-5.554459,57.0,0.4,0.04,47.5,15,0,44.794205,False
SM_EspressoCup,SM_Cup,2.291442,45.0,95.0,0.4,-5.554459,57.0,0.4,0.04,47.5,15,0,44.822559,False
SM_EspressoCup,SM_Cup,2.679005,45.0,95.0,0.4,-5.554459,57.0,0.4,0.04,47.5,15,0,44.752205,False
SM_EspressoCup,SM_Cup,2.852947,45.0,95.0,0.4,-5.554459,57.0,0.4,0.04,47.5,15,0,44.684986,False
SM_EspressoCup,SM_Cup,2.273511,45.0,95.0,0.4,-5.554459,57.0,0.4,0.04,47.5,15,0,44.761276,False
SM_EspressoCup,SM_Cup,2.123595,45.0,95.0,0.4,-5.554459,57.0,0.4,0.04,47.5,15,0,44.888035,False
SM_EspressoCup,SM_Cup,2.109622,45.0,95.0,0.4,-5.554459,57.0,0.4,0.04,47.5,15,0,44.999435,False
SM_EspressoCup,SM_Cup,3.293358,45.0,95.0,0.4,-5.554459,57.0,0.4,0.04,47.5,15,0,44.629372,False
SM_EspressoCup,SM_Cup,2.583679,45.0,95.0,0.4,-5.554459,57.0,0.4,0.04,47.5,15,0,44.6679,False
SM_EspressoCup,SM_Cup,2.202478,45.0,95.0,0.4,-5.554459,57.0,0.4,0.04,47.5,15,0,44.663162,False
SM_EspressoCup,SM_Cup,1.902789,50.0,95.0,0.4,-5.554459,57.0,0.4,0.04,47.5,15,0,49.797466,False
SM_EspressoCup,SM_Cup,1.903105,50.0,95.0,0.4,-5.554459,57.0,0.4,0.04,47.5,15,0,49.56699,False
SM_EspressoCup,SM_Cup,1.927581,50.0,95.0,0.4,-5.554459,57.0,0.4,0.04,47.5,15,0,49.477325,False
SM_EspressoCup,SM_Cup,2.570318,50.0,95.0,0.4,-5.554459,57.0,0.4,0.04,47.5,15,0,49.773247,False
SM_EspressoCup,SM_Cup,1.900699,50.0,95.0,0.4,-5.554459,57.0,0.4,0.04,47.5,15,0,49.832603,False
SM_EspressoCup,SM_Cup,1.892087,50.0,95.0,0.4,-5.554459,57.0,0.4,0.04,47.5,15,0,49.947506,False
SM_EspressoCup,SM_Cup,1.899257,50.0,95.0,0.4,-5.554459,57.0,0.4,0.04,47.5,15,0,48.963577,False
SM_EspressoCup,SM_Cup,1.902302,50.0,95.0,0.4,-5.554459,57.0,0.4,0.04,47.5,15,0,49.216297,False
SM_EspressoCup,SM_Cup,2.204419,50.0,95.0,0.4,-5.554459,57.0,0.4,0.04,47.5,15,0,49.824139,False
SM_EspressoCup,SM_Cup,2.93965,50.0,95.0,0.4,-5.554459,57.0,0.4,0.04,47.5,15,0,49.731377,False
SM_EspressoCup,SM_Cup,3.040163,55.0,95.0,0.4,-5.554459,57.0,0.4,0.04,47.5,15,0,54.490276,False
SM_EspressoCup,SM_Cup,2.529527,55.0,95.0,0.4,-5.554459,57.0,0.4,0.04,47.5,15,0,54.814056,False
SM_EspressoCup,SM_Cup,2.934071,55.0,95.0,0.4,-5.554459,57.0,0.4,0.04,47.5,15,0,54.145855,False
SM_EspressoCup,SM_Cup,2.868074,55.0,95.0,0.4,-5.554459,57.0,0.4,0.04,47.5,15,0,54.361855,False
SM_EspressoCup,SM_Cup,1.768647,55.0,95.0,0.4,-5.554459,57.0,0.4,0.04,47.5,15,0,54.121658,False
SM_EspressoCup,SM_Cup,1.756823,55.0,95.0,0.4,-5.554459,57.0,0.4,0.04,47.5,15,0,54.786175,False
SM_EspressoCup,SM_Cup,1.734077,55.0,95.0,0.4,-5.554459,57.0,0.4,0.04,47.5,15,0,54.569809,False
SM_EspressoCup,SM_Cup,1.721323,55.0,95.0,0.4,-5.554459,57.0,0.4,0.04,47.5,15,0,54.712025,False
SM_EspressoCup,SM_Cup,2.948717,55.0,95.0,0.4,-5.554459,57.0,0.4,0.04,47.5,15,0,54.551762,False
SM_EspressoCup,SM_Cup,2.81434,55.0,95.0,0.4,-5.554459,57.0,0.4,0.04,47.5,15,0,53.673214,False
SM_EspressoCup,SM_Cup,1.652617,60.0,95.0,0.4,-5.554459,57.0,0.4,0.04,47.5,15,0,59.206505,False
SM_EspressoCup,SM_Cup,2.109748,60.0,95.0,0.4,-5.554459,57.0,0.4,0.04,47.5,15,0,59.51181,False
SM_EspressoCup,SM_Cup,2.684679,60.0,95.0,0.4,-5.554459,57.0,0.4,0.04,47.5,15,0,59.704063,False
SM_EspressoCup,SM_Cup,2.766116,60.0,95.0,0.4,-5.554459,57.0,0.4,0.04,47.5,15,0,59.454037,False
SM_EspressoCup,SM_Cup,2.326746,60.0,95.0,0.4,-5.554459,57.0,0.4,0.04,47.5,15,0,59.277924,False
SM_EspressoCup,SM_Cup,1.933997,60.0,95.0,0.4,-5.554459,57.0,0.4,0.04,47.5,15,0,59.20504,False
SM_EspressoCup,SM_Cup,2.174988,60.0,95.0,0.4,-5.554459,57.0,0.4,0.04,47.5,15,0,59.31403,False
SM_EspressoCup,SM_Cup,1.588624,60.0,95.0,0.4,-5.554459,57.0,0.4,0.04,47.5,15,0,59.516071,False
SM_EspressoCup,SM_Cup,2.015683,60.0,95.0,0.4,-5.554459,57.0,0.4,0.04,47.5,15,0,59.522984,False
SM_EspressoCup,SM_Cup,1.573774,60.0,95.0,0.4,-5.554459,57.0,0.4,0.04,47.5,15,0,59.077576,False
SM_EspressoCup,SM_Cup,2.490453,65.0,95.0,0.4,-5.554459,57.0,0.4,0.04,47.5,15,0,64.091713,False
SM_EspressoCup,SM_Cup,3.186919,65.0,95.0,0.4,-5.554459,57.0,0.4,0.04,47.5,15,0,64.059647,False
SM_EspressoCup,SM_Cup,1.45813,65.0,95.0,0.4,-5.554459,57.0,0.4,0.04,47.5,15,0,63.771484,False
SM_EspressoCup,SM_Cup,1.458184,65.0,95.0,0.4,-5.554459,57.0,0.4,0.04,47.5,15,0,63.86166,False
SM_EspressoCup,SM_Cup,2.063812,65.0,95.0,0.4,-5.554459,57.0,0.4,0.04,47.5,15,0,63.730904,False
SM_EspressoCup,SM_Cup,1.462221,65.0,95.0,0.4,-5.554459,57.0,0.4,0.04,47.5,15,0,63.96368,False
SM_EspressoCup,SM_Cup,2.724555,65.0,95.0,0.4,-5.554459,57.0,0.4,0.04,47.5,15,0,64.401268,False
SM_EspressoCup,SM_Cup,2.293232,65.0,95.0,0.4,-5.554459,57.0,0.4,0.04,47.5,15,0,64.061958,False
SM_EspressoCup,SM_Cup,2.309827,65.0,95.0,0.4,-5.554459,57.0,0.4,0.04,47.5,15,0,64.650543,False
SM_EspressoCup,SM_Cup,1.937348,65.0,95.0,0.4,-5.554459,57.0,0.4,0.04,47.5,15,0,63.704575,False
SM_EspressoCup,SM_Cup,2.533041,70.0,95.0,0.4,-5.554459,57.0,0.4,0.04,47.5,15,0,69.503143,False
SM_EspressoCup,SM_Cup,1.744517,70.0,95.0,0.4,-5.554459,57.0,0.4,0.04,47.5,15,0,69.576927,False
SM_EspressoCup,SM_Cup,2.673908,70.0,95.0,0.4,-5.554459,57.0,0.4,0.04,47.5,15,0,68.73455,False
SM_EspressoCup,SM_Cup,1.346799,70.0,95.0,0.4,-5.554459,57.0,0.4,0.04,47.5,15,0,68.412537,False
SM_EspressoCup,SM_Cup,2.363202,70.0,95.0,0.4,-5.554459,57.0,0.4,0.04,47.5,15,0,69.104446,False
SM_EspressoCup,SM_Cup,1.351444,70.0,95.0,0.4,-5.554459,57.0,0.4,0.04,47.5,15,0,68.923454,False
SM_EspressoCup,SM_Cup,2.793058,70.0,95.0,0.4,-5.554459,57.0,0.4,0.04,47.5,15,0,68.924164,False
SM_EspressoCup,SM_Cup,1.936049,70.0,95.0,0.4,-5.554459,57.0,0.4,0.04,47.5,15,0,69.227158,False
SM_EspressoCup,SM_Cup,1.454528,70.0,95.0,0.4,-5.554459,57.0,0.4,0.04,47.5,15,0,69.504097,False
SM_EspressoCup,SM_Cup,2.5701,70.0,95.0,0.4,-5.554459,57.0,0.4,0.04,47.5,15,0,69.24395,False
SM_EspressoCup,SM_Cup,2.37415,75.0,95.0,0.4,-5.554459,57.0,0.4,0.04,47.5,15,0,74.790474,False
SM_EspressoCup,SM_Cup,1.998131,75.0,95.0,0.4,-5.554459,57.0,0.4,0.04,47.5,15,0,74.56134,False
SM_EspressoCup,SM_Cup,2.38948,75.0,95.0,0.4,-5.554459,57.0,0.4,0.04,47.5,15,0,74.256752,False
SM_EspressoCup,SM_Cup,2.037593,75.0,95.0,0.4,-5.554459,57.0,0.4,0.04,47.5,15,0,74.652458,False
SM_EspressoCup,SM_Cup,1.811637,75.0,95.0,0.4,-5.554459,57.0,0.4,0.04,47.5,15,0,73.376884,False
SM_EspressoCup,SM_Cup,2.768551,75.0,95.0,0.4,-5.554459,57.0,0.4,0.04,47.5,15,0,73.310234,False
SM_EspressoCup,SM_Cup,1.632997,75.0,95.0,0.4,-5.554459,57.0,0.4,0.04,47.5,15,0,73.873833,False
SM_EspressoCup,SM_Cup,3.080714,75.0,95.0,0.4,-5.554459,57.0,0.4,0.04,47.5,15,0,73.443443,False
SM_EspressoCup,SM_Cup,2.37515,75.0,95.0,0.4,-5.554459,57.0,0.4,0.04,47.5,15,0,74.221924,False
SM_EspressoCup,SM_Cup,1.736297,75.0,95.0,0.4,-5.554459,57.0,0.4,0.04,47.5,15,0,75.065125,False
SM_EspressoCup,SM_Cup,1.697031,80.0,95.0,0.4,-5.554459,57.0,0.4,0.04,47.5,15,0,78.432617,False
SM_EspressoCup,SM_Cup,1.818809,80.0,95.0,0.4,-5.554459,57.0,0.4,0.04,47.5,15,0,77.85733,False
SM_EspressoCup,SM_Cup,2.370944,80.0,95.0,0.4,-5.554459,57.0,0.4,0.04,47.5,15,0,79.56617,False
SM_EspressoCup,SM_Cup,2.103061,80.0,95.0,0.4,-5.554459,57.0,0.4,0.04,47.5,15,0,78.68811,False
SM_EspressoCup,SM_Cup,1.827024,80.0,95.0,0.4,-5.554459,57.0,0.4,0.04,47.5,15,0,79.401817,False
SM_EspressoCup,SM_Cup,1.74547,80.0,95.0,0.4,-5.554459,57.0,0.4,0.04,47.5,15,0,78.217331,False
SM_EspressoCup,SM_Cup,1.752717,80.0,95.0,0.4,-5.554459,57.0,0.4,0.04,47.5,15,0,79.394562,False
SM_EspressoCup,SM_Cup,1.187105,80.0,95.0,0.4,-5.554459,57.0,0.4,0.04,47.5,15,0,76.073029,False
SM_EspressoCup,SM_Cup,1.233666,80.0,95.0,0.4,-5.554459,57.0,0.4,0.04,47.5,15,0,76.052773,False
SM_EspressoCup,SM_Cup,1.179196,80.0,95.0,0.4,-5.554459,57.0,0.4,0.04,47.5,15,0,79.393425,False
SM_EspressoCup,SM_Cup,2.105297,85.0,95.0,0.4,-5.554459,57.0,0.4,0.04,47.5,15,0,83.57753,False
SM_EspressoCup,SM_Cup,2.367285,85.0,95.0,0.4,-5.554459,57.0,0.4,0.04,47.5,15,0,83.95472,False
SM_EspressoCup,SM_Cup,2.197144,85.0,95.0,0.4,-5.554459,57.0,0.4,0.04,47.5,15,0,83.479805,False
SM_EspressoCup,SM_Cup,1.994413,85.0,95.0,0.4,-5.554459,57.0,0.4,0.04,47.5,15,0,83.624519,False
SM_EspressoCup,SM_Cup,1.607829,85.0,95.0,0.4,-5.554459,57.0,0.4,0.04,47.5,15,0,82.908867,False
SM_EspressoCup,SM_Cup,1.459714,85.0,95.0,0.4,-5.554459,57.0,0.4,0.04,47.5,15,0,83.253838,False
SM_EspressoCup,SM_Cup,2.121598,85.0,95.0,0.4,-5.554459,57.0,0.4,0.04,47.5,15,0,84.189911,False
SM_EspressoCup,SM_Cup,2.263181,85.0,95.0,0.4,-5.554459,57.0,0.4,0.04,47.5,15,0,83.692673,False
SM_EspressoCup,SM_Cup,1.815975,85.0,95.0,0.4,-5.554459,57.0,0.4,0.04,47.5,15,0,84.224281,False
SM_EspressoCup,SM_Cup,2.171113,85.0,95.0,0.4,-5.554459,57.0,0.4,0.04,47.5,15,0,83.199043,False
SM_EspressoCup,SM_Cup,1.475594,90.0,95.0,0.4,-5.554459,57.0,0.4,0.04,47.5,15,0,89.46534,False
SM_EspressoCup,SM_Cup,1.76821,90.0,95.0,0.4,-5.554459,57.0,0.4,0.04,47.5,15,0,88.840668,False
SM_EspressoCup,SM_Cup,1.926872,90.0,95.0,0.4,-5.554459,57.0,0.4,0.04,47.5,15,0,88.100708,False
SM_EspressoCup,SM_Cup,2.981559,90.0,95.0,0.4,-5.554459,57.0,0.4,0.04,47.5,15,0,87.975861,False
SM_EspressoCup,SM_Cup,1.451725,90.0,95.0,0.4,-5.554459,57.0,0.4,0.04,47.5,15,0,88.786308,False
SM_EspressoCup,SM_Cup,2.150675,90.0,95.0,0.4,-5.554459,57.0,0.4,0.04,47.5,15,0,88.349785,False
SM_EspressoCup,SM_Cup,1.49684,90.0,95.0,0.4,-5.554459,57.0,0.4,0.04,47.5,15,0,88.544456,False
SM_EspressoCup,SM_Cup,2.498709,90.0,95.0,0.4,-5.554459,57.0,0.4,0.04,47.5,15,0,89.448936,False
SM_EspressoCup,SM_Cup,1.98868,90.0,95.0,0.4,-5.554459,57.0,0.4,0.04,47.5,15,0,88.399429,False
SM_EspressoCup,SM_Cup,2.658899,90.0,95.0,0.4,-5.554459,57.0,0.4,0.04,47.5,15,0,87.247269,False
SM_EspressoCup,SM_Cup,1.677079,95.0,95.0,0.4,-5.554459,57.0,0.4,0.04,47.5,15,0,93.207024,False
SM_EspressoCup,SM_Cup,2.229398,95.0,95.0,0.4,-5.554459,57.0,0.4,0.04,47.5,15,0,93.742355,False
SM_EspressoCup,SM_Cup,1.968659,95.0,95.0,0.4,-5.554459,57.0,0.4,0.04,47.5,15,0,93.461548,False
SM_EspressoCup,SM_Cup,1.618675,95.0,95.0,0.4,-5.554459,57.0,0.4,0.04,47.5,15,0,94.413925,False
SM_EspressoCup,SM_Cup,2.069215,95.0,95.0,0.4,-5.554459,57.0,0.4,0.04,47.5,15,0,94.357193,False
SM_EspressoCup,SM_Cup,2.289493,95.0,95.0,0.4,-5.554459,57.0,0.4,0.04,47.5,15,0,93.109856,False
SM_EspressoCup,SM_Cup,2.613417,95.0,95.0,0.4,-5.554459,57.0,0.4,0.04,47.5,15,0,93.947334,False
SM_EspressoCup,SM_Cup,1.711137,95.0,95.0,0.4,-5.554459,57.0,0.4,0.04,47.5,15,0,94.53952,False
SM_EspressoCup,SM_Cup,1.635134,95.0,95.0,0.4,-5.554459,57.0,0.4,0.04,47.5,15,0,93.791809,False
SM_EspressoCup,SM_Cup,0.990769,95.0,95.0,0.4,-5.554459,57.0,0.4,0.04,47.5,15,0,92.720627,False
SM_EspressoCup,SM_Cup,1.497128,100.0,95.0,0.4,-5.554459,57.0,0.4,0.04,47.5,15,0,97.620361,False
SM_EspressoCup,SM_Cup,1.635496,100.0,95.0,0.4,-5.554459,57.0,0.4,0.04,47.5,15,0,97.964157,False
SM_EspressoCup,SM_Cup,2.229565,100.0,95.0,0.4,-5.554459,57.0,0.4,0.04,47.5,15,0,98.862907,False
SM_EspressoCup,SM_Cup,2.490002,100.0,95.0,0.4,-5.554459,57.0,0.4,0.04,47.5,15,0,97.209602,False
SM_EspressoCup,SM_Cup,1.357984,100.0,95.0,0.4,-5.554459,57.0,0.4,0.04,47.5,15,0,98.094536,False
SM_EspressoCup,SM_Cup,2.031949,100.0,95.0,0.4,-5.554459,57.0,0.4,0.04,47.5,15,0,98.411224,False
SM_EspressoCup,SM_Cup,1.728975,100.0,95.0,0.4,-5.554459,57.0,0.4,0.04,47.5,15,0,97.682846,False
SM_EspressoCup,SM_Cup,2.33574,100.0,95.0,0.4,-5.554459,57.0,0.4,0.04,47.5,15,0,96.996208,False
SM_EspressoCup,SM_Cup,1.54881,100.0,95.0,0.4,-5.554459,57.0,0.4,0.04,47.5,15,0,98.377701,False
SM_EspressoCup,SM_Cup,2.068687,100.0,95.0,0.4,-5.554459,57.0,0.4,0.04,47.5,15,0,99.13549,False
SM_EspressoCup,SM_Cup,1.33705,105.0,95.0,0.4,-5.554459,57.0,0.4,0.04,47.5,15,0,101.733261,False
SM_EspressoCup,SM_Cup,2.011678,105.0,95.0,0.4,-5.554459,57.0,0.4,0.04,47.5,15,0,103.362083,False
SM_EspressoCup,SM_Cup,1.532681,105.0,95.0,0.4,-5.554459,57.0,0.4,0.04,47.5,15,0,102.278046,False
SM_EspressoCup,SM_Cup,2.107531,105.0,95.0,0.4,-5.554459,57.0,0.4,0.04,47.5,15,0,103.724739,False
SM_EspressoCup,SM_Cup,1.36128,105.0,95.0,0.4,-5.554459,57.0,0.4,0.04,47.5,15,0,104.389969,False
SM_EspressoCup,SM_Cup,1.465607,105.0,95.0,0.4,-5.554459,57.0,0.4,0.04,47.5,15,0,103.774078,False
SM_EspressoCup,SM_Cup,1.719645,105.0,95.0,0.4,-5.554459,57.0,0.4,0.04,47.5,15,0,103.536354,False
SM_EspressoCup,SM_Cup,1.458241,105.0,95.0,0.4,-5.554459,57.0,0.4,0.04,47.5,15,0,104.25769,False
SM_EspressoCup,SM_Cup,1.229765,105.0,95.0,0.4,-5.554459,57.0,0.4,0.04,47.5,15,0,103.624039,False
SM_EspressoCup,SM_Cup,1.684203,105.0,95.0,0.4,-5.554459,57.0,0.4,0.04,47.5,15,0,103.02594,False
SM_EspressoCup,SM_Cup,9.999849,10.0,100.0,0.4,-5.554459,57.0,0.4,0.04,47.5,15,0,9.98245,False
SM_EspressoCup,SM_Cup,10.005763,10.0,100.0,0.4,-5.554459,57.0,0.4,0.04,47.5,15,0,9.988158,False
SM_EspressoCup,SM_Cup,9.994344,10.0,100.0,0.4,-5.554459,57.0,0.4,0.04,47.5,15,0,9.984161,False
SM_EspressoCup,SM_Cup,10.001541,10.0,100.0,0.4,-5.554459,57.0,0.4,0.04,47.5,15,0,9.985222,False
SM_EspressoCup,SM_Cup,9.996361,10.0,100.0,0.4,-5.554459,57.0,0.4,0.04,47.5,15,0,9.985414,False
SM_EspressoCup,SM_Cup,9.994253,10.0,100.0,0.4,-5.554459,57.0,0.4,0.04,47.5,15,0,9.995715,False
SM_EspressoCup,SM_Cup,9.998087,10.0,100.0,0.4,-5.554459,57.0,0.4,0.04,47.5,15,0,9.986238,False
SM_EspressoCup,SM_Cup,9.99864,10.0,100.0,0.4,-5.554459,57.0,0.4,0.04,47.5,15,0,9.9864,False
SM_EspressoCup,SM_Cup,11.895536,10.0,100.0,0.4,-5.554459,57.0,0.4,0.04,47.5,15,0,9.996118,False
SM_EspressoCup,SM_Cup,10.572775,10.0,100.0,0.4,-5.554459,57.0,0.4,0.04,47.5,15,0,9.982912,False
SM_EspressoCup,SM_Cup,6.663017,15.0,100.0,0.4,-5.554459,57.0,0.4,0.04,47.5,15,0,14.977369,False
SM_EspressoCup,SM_Cup,7.372856,15.0,100.0,0.4,-5.554459,57.0,0.4,0.04,47.5,15,0,14.969884,False
SM_EspressoCup,SM_Cup,6.659941,15.0,100.0,0.4,-5.554459,57.0,0.4,0.04,47.5,15,0,14.979248,False
SM_EspressoCup,SM_Cup,6.660884,15.0,100.0,0.4,-5.554459,57.0,0.4,0.04,47.5,15,0,14.981771,False
SM_EspressoCup,SM_Cup,6.665034,15.0,100.0,0.4,-5.554459,57.0,0.4,0.04,47.5,15,0,14.99365,False
SM_EspressoCup,SM_Cup,6.666348,15.0,100.0,0.4,-5.554459,57.0,0.4,0.04,47.5,15,0,14.961017,False
SM_EspressoCup,SM_Cup,6.666688,15.0,100.0,0.4,-5.554459,57.0,0.4,0.04,47.5,15,0,14.959268,False
SM_EspressoCup,SM_Cup,6.66552,15.0,100.0,0.4,-5.554459,57.0,0.4,0.04,47.5,15,0,14.964768,False
SM_EspressoCup,SM_Cup,6.666226,15.0,100.0,0.4,-5.554459,57.0,0.4,0.04,47.5,15,0,14.961379,False
SM_EspressoCup,SM_Cup,7.673278,15.0,100.0,0.4,-5.554459,57.0,0.4,0.04,47.5,15,0,14.990974,False
SM_EspressoCup,SM_Cup,4.998782,20.0,100.0,0.4,-5.554459,57.0,0.4,0.04,47.5,15,0,19.937853,False
SM_EspressoCup,SM_Cup,5.047146,20.0,100.0,0.4,-5.554459,57.0,0.4,0.04,47.5,15,0,19.952631,False
SM_EspressoCup,SM_Cup,5.010811,20.0,100.0,0.4,-5.554459,57.0,0.4,0.04,47.5,15,0,19.984823,False
SM_EspressoCup,SM_Cup,4.994833,20.0,100.0,0.4,-5.554459,57.0,0.4,0.04,47.5,15,0,19.97477,False
SM_EspressoCup,SM_Cup,5.048457,20.0,100.0,0.4,-5.554459,57.0,0.4,0.04,47.5,15,0,19.941608,False
SM_EspressoCup,SM_Cup,5.993306,20.0,100.0,0.4,-5.554459,57.0,0.4,0.04,47.5,15,0,19.987204,False
SM_EspressoCup,SM_Cup,5.019571,20.0,100.0,0.4,-5.554459,57.0,0.4,0.04,47.5,15,0,19.975576,False
SM_EspressoCup,SM_Cup,5.339987,20.0,100.0,0.4,-5.554459,57.0,0.4,0.04,47.5,15,0,19.943558,False
SM_EspressoCup,SM_Cup,4.994178,20.0,100.0,0.4,-5.554459,57.0,0.4,0.04,47.5,15,0,19.978542,False
SM_EspressoCup,SM_Cup,4.993178,20.0,100.0,0.4,-5.554459,57.0,0.4,0.04,47.5,15,0,19.995008,False
SM_EspressoCup,SM_Cup,3.994916,25.0,100.0,0.4,-5.554459,57.0,0.4,0.04,47.5,15,0,24.903309,False
SM_EspressoCup,SM_Cup,3.99412,25.0,100.0,0.4,-5.554459,57.0,0.4,0.04,47.5,15,0,24.967316,False
SM_EspressoCup,SM_Cup,3.995813,25.0,100.0,0.4,-5.554459,57.0,0.4,0.04,47.5,15,0,24.944016,False
SM_EspressoCup,SM_Cup,3.999952,25.0,100.0,0.4,-5.554459,57.0,0.4,0.04,47.5,15,0,24.929186,False
SM_EspressoCup,SM_Cup,4.296918,25.0,100.0,0.4,-5.554459,57.0,0.4,0.04,47.5,15,0,24.931631,False
SM_EspressoCup,SM_Cup,5.104724,25.0,100.0,0.4,-5.554459,57.0,0.4,0.04,47.5,15,0,24.936737,False
SM_EspressoCup,SM_Cup,3.998566,25.0,100.0,0.4,-5.554459,57.0,0.4,0.04,47.5,15,0,24.90756,False
SM_EspressoCup,SM_Cup,3.992607,25.0,100.0,0.4,-5.554459,57.0,0.4,0.04,47.5,15,0,24.955538,False
SM_EspressoCup,SM_Cup,4.023923,25.0,100.0,0.4,-5.554459,57.0,0.4,0.04,47.5,15,0,24.902994,False
SM_EspressoCup,SM_Cup,4.95073,25.0,100.0,0.4,-5.554459,57.0,0.4,0.04,47.5,15,0,24.988077,False
SM_EspressoCup,SM_Cup,3.338935,30.0,100.0,0.4,-5.554459,57.0,0.4,0.04,47.5,15,0,29.9816,False
SM_EspressoCup,SM_Cup,3.556847,30.0,100.0,0.4,-5.554459,57.0,0.4,0.04,47.5,15,0,29.869432,False
SM_EspressoCup,SM_Cup,3.747181,30.0,100.0,0.4,-5.554459,57.0,0.4,0.04,47.5,15,0,29.896036,False
SM_EspressoCup,SM_Cup,3.345811,30.0,100.0,0.4,-5.554459,57.0,0.4,0.04,47.5,15,0,29.881807,False
SM_EspressoCup,SM_Cup,3.328467,30.0,100.0,0.4,-5.554459,57.0,0.4,0.04,47.5,15,0,29.932634,False
SM_EspressoCup,SM_Cup,4.986133,30.0,100.0,0.4,-5.554459,57.0,0.4,0.04,47.5,15,0,29.950424,False
SM_EspressoCup,SM_Cup,3.333234,30.0,100.0,0.4,-5.554459,57.0,0.4,0.04,47.5,15,0,29.837463,False
SM_EspressoCup,SM_Cup,3.328917,30.0,100.0,0.4,-5.554459,57.0,0.4,0.04,47.5,15,0,29.922867,False
SM_EspressoCup,SM_Cup,3.701094,30.0,100.0,0.4,-5.554459,57.0,0.4,0.04,47.5,15,0,29.980347,False
SM_EspressoCup,SM_Cup,3.327344,30.0,100.0,0.4,-5.554459,57.0,0.4,0.04,47.5,15,0,29.954161,False
SM_EspressoCup,SM_Cup,4.170854,35.0,100.0,0.4,-5.554459,57.0,0.4,0.04,47.5,15,0,34.955894,False
SM_EspressoCup,SM_Cup,2.853022,35.0,100.0,0.4,-5.554459,57.0,0.4,0.04,47.5,15,0,34.984043,False
SM_EspressoCup,SM_Cup,3.28146,35.0,100.0,0.4,-5.554459,57.0,0.4,0.04,47.5,15,0,34.905807,False
SM_EspressoCup,SM_Cup,3.95969,35.0,100.0,0.4,-5.554459,57.0,0.4,0.04,47.5,15,0,34.864986,False
SM_EspressoCup,SM_Cup,2.923579,35.0,100.0,0.4,-5.554459,57.0,0.4,0.04,47.5,15,0,34.973412,False
SM_EspressoCup,SM_Cup,2.849216,35.0,100.0,0.4,-5.554459,57.0,0.4,0.04,47.5,15,0,34.994289,False
SM_EspressoCup,SM_Cup,3.806576,35.0,100.0,0.4,-5.554459,57.0,0.4,0.04,47.5,15,0,34.913357,False
SM_EspressoCup,SM_Cup,3.880717,35.0,100.0,0.4,-5.554459,57.0,0.4,0.04,47.5,15,0,34.913452,False
SM_EspressoCup,SM_Cup,2.849867,35.0,100.0,0.4,-5.554459,57.0,0.4,0.04,47.5,15,0,34.845299,False
SM_EspressoCup,SM_Cup,3.874096,35.0,100.0,0.4,-5.554459,57.0,0.4,0.04,47.5,15,0,34.868114,False
SM_EspressoCup,SM_Cup,4.11333,40.0,100.0,0.4,-5.554459,57.0,0.4,0.04,47.5,15,0,39.828976,False
SM_EspressoCup,SM_Cup,2.493815,40.0,100.0,0.4,-5.554459,57.0,0.4,0.04,47.5,15,0,39.954304,False
SM_EspressoCup,SM_Cup,3.517702,40.0,100.0,0.4,-5.554459,57.0,0.4,0.04,47.5,15,0,39.96714,False
SM_EspressoCup,SM_Cup,2.737149,40.0,100.0,0.4,-5.554459,57.0,0.4,0.04,47.5,15,0,39.866425,False
SM_EspressoCup,SM_Cup,2.492315,40.0,100.0,0.4,-5.554459,57.0,0.4,0.04,47.5,15,0,39.982742,False
SM_EspressoCup,SM_Cup,3.873329,40.0,100.0,0.4,-5.554459,57.0,0.4,0.04,47.5,15,0,39.787605,False
SM_EspressoCup,SM_Cup,3.605096,40.0,100.0,0.4,-5.554459,57.0,0.4,0.04,47.5,15,0,39.822521,False
SM_EspressoCup,SM_Cup,3.982481,40.0,100.0,0.4,-5.554459,57.0,0.4,0.04,47.5,15,0,39.842133,False
SM_EspressoCup,SM_Cup,3.20154,40.0,100.0,0.4,-5.554459,57.0,0.4,0.04,47.5,15,0,39.967556,False
SM_EspressoCup,SM_Cup,2.569752,40.0,100.0,0.4,-5.554459,57.0,0.4,0.04,47.5,15,0,39.89978,False
SM_EspressoCup,SM_Cup,3.435738,45.0,100.0,0.4,-5.554459,57.0,0.4,0.04,47.5,15,0,44.663437,False
SM_EspressoCup,SM_Cup,2.264041,45.0,100.0,0.4,-5.554459,57.0,0.4,0.04,47.5,15,0,44.620182,False
SM_EspressoCup,SM_Cup,2.213679,45.0,100.0,0.4,-5.554459,57.0,0.4,0.04,47.5,15,0,44.600147,False
SM_EspressoCup,SM_Cup,3.383039,45.0,100.0,0.4,-5.554459,57.0,0.4,0.04,47.5,15,0,44.435158,False
SM_EspressoCup,SM_Cup,2.753125,45.0,100.0,0.4,-5.554459,57.0,0.4,0.04,47.5,15,0,44.618927,False
SM_EspressoCup,SM_Cup,2.225953,45.0,100.0,0.4,-5.554459,57.0,0.4,0.04,47.5,15,0,44.454357,False
SM_EspressoCup,SM_Cup,2.23724,45.0,100.0,0.4,-5.554459,57.0,0.4,0.04,47.5,15,0,44.915665,False
SM_EspressoCup,SM_Cup,2.244711,45.0,100.0,0.4,-5.554459,57.0,0.4,0.04,47.5,15,0,44.472916,False
SM_EspressoCup,SM_Cup,2.217529,45.0,100.0,0.4,-5.554459,57.0,0.4,0.04,47.5,15,0,44.537304,False
SM_EspressoCup,SM_Cup,2.26255,45.0,100.0,0.4,-5.554459,57.0,0.4,0.04,47.5,15,0,44.197292,False
SM_EspressoCup,SM_Cup,3.148241,50.0,100.0,0.4,-5.554459,57.0,0.4,0.04,47.5,15,0,49.803726,False
SM_EspressoCup,SM_Cup,2.013649,50.0,100.0,0.4,-5.554459,57.0,0.4,0.04,47.5,15,0,49.473579,False
SM_EspressoCup,SM_Cup,2.855181,50.0,100.0,0.4,-5.554459,57.0,0.4,0.04,47.5,15,0,51.080231,False
SM_EspressoCup,SM_Cup,2.050248,50.0,100.0,0.4,-5.554459,57.0,0.4,0.04,47.5,15,0,49.726017,False
SM_EspressoCup,SM_Cup,2.937756,50.0,100.0,0.4,-5.554459,57.0,0.4,0.04,47.5,15,0,49.385464,False
SM_EspressoCup,SM_Cup,2.844356,50.0,100.0,0.4,-5.554459,57.0,0.4,0.04,47.5,15,0,49.741219,False
SM_EspressoCup,SM_Cup,2.073841,50.0,100.0,0.4,-5.554459,57.0,0.4,0.04,47.5,15,0,49.872566,False
SM_EspressoCup,SM_Cup,3.267221,50.0,100.0,0.4,-5.554459,57.0,0.4,0.04,47.5,15,0,49.66098,False
SM_EspressoCup,SM_Cup,2.836109,50.0,100.0,0.4,-5.554459,57.0,0.4,0.04,47.5,15,0,49.361282,False
SM_EspressoCup,SM_Cup,3.114715,50.0,100.0,0.4,-5.554459,57.0,0.4,0.04,47.5,15,0,49.524296,False
SM_EspressoCup,SM_Cup,2.613681,55.0,100.0,0.4,-5.554459,57.0,0.4,0.04,47.5,15,0,54.577267,False
SM_EspressoCup,SM_Cup,1.837708,55.0,100.0,0.4,-5.554459,57.0,0.4,0.04,47.5,15,0,54.064404,False
SM_EspressoCup,SM_Cup,3.059701,55.0,100.0,0.4,-5.554459,57.0,0.4,0.04,47.5,15,0,54.365765,False
SM_EspressoCup,SM_Cup,3.211476,55.0,100.0,0.4,-5.554459,57.0,0.4,0.04,47.5,15,0,53.468826,False
SM_EspressoCup,SM_Cup,3.39127,55.0,100.0,0.4,-5.554459,57.0,0.4,0.04,47.5,15,0,54.139721,False
SM_EspressoCup,SM_Cup,1.824954,55.0,100.0,0.4,-5.554459,57.0,0.4,0.04,47.5,15,0,54.999363,False
SM_EspressoCup,SM_Cup,3.62181,55.0,100.0,0.4,-5.554459,57.0,0.4,0.04,47.5,15,0,54.189423,False
SM_EspressoCup,SM_Cup,3.658549,55.0,100.0,0.4,-5.554459,57.0,0.4,0.04,47.5,15,0,54.659889,False
SM_EspressoCup,SM_Cup,2.666545,55.0,100.0,0.4,-5.554459,57.0,0.4,0.04,47.5,15,0,54.923443,False
SM_EspressoCup,SM_Cup,2.399804,55.0,100.0,0.4,-5.554459,57.0,0.4,0.04,47.5,15,0,54.874832,False
SM_EspressoCup,SM_Cup,2.412618,60.0,100.0,0.4,-5.554459,57.0,0.4,0.04,47.5,15,0,59.560585,False
SM_EspressoCup,SM_Cup,2.232956,60.0,100.0,0.4,-5.554459,57.0,0.4,0.04,47.5,15,0,59.842087,False
SM_EspressoCup,SM_Cup,3.360613,60.0,100.0,0.4,-5.554459,57.0,0.4,0.04,47.5,15,0,58.964481,False
SM_EspressoCup,SM_Cup,1.690314,60.0,100.0,0.4,-5.554459,57.0,0.4,0.04,47.5,15,0,59.254532,False
SM_EspressoCup,SM_Cup,2.462771,60.0,100.0,0.4,-5.554459,57.0,0.4,0.04,47.5,15,0,58.920723,False
SM_EspressoCup,SM_Cup,1.716736,60.0,100.0,0.4,-5.554459,57.0,0.4,0.04,47.5,15,0,58.93494,False
SM_EspressoCup,SM_Cup,1.656646,60.0,100.0,0.4,-5.554459,57.0,0.4,0.04,47.5,15,0,59.280594,False
SM_EspressoCup,SM_Cup,2.479714,60.0,100.0,0.4,-5.554459,57.0,0.4,0.04,47.5,15,0,59.140816,False
SM_EspressoCup,SM_Cup,3.166245,60.0,100.0,0.4,-5.554459,57.0,0.4,0.04,47.5,15,0,59.228874,False
SM_EspressoCup,SM_Cup,2.634297,60.0,100.0,0.4,-5.554459,57.0,0.4,0.04,47.5,15,0,59.293705,False
SM_EspressoCup,SM_Cup,1.53646,65.0,100.0,0.4,-5.554459,57.0,0.4,0.04,47.5,15,0,63.593018,False
SM_EspressoCup,SM_Cup,2.363612,65.0,100.0,0.4,-5.554459,57.0,0.4,0.04,47.5,15,0,63.732948,False
SM_EspressoCup,SM_Cup,1.57288,65.0,100.0,0.4,-5.554459,57.0,0.4,0.04,47.5,15,0,63.71563,False
SM_EspressoCup,SM_Cup,3.047334,65.0,100.0,0.4,-5.554459,57.0,0.4,0.04,47.5,15,0,62.989403,False
SM_EspressoCup,SM_Cup,2.845341,65.0,100.0,0.4,-5.554459,57.0,0.4,0.04,47.5,15,0,64.045265,False
SM_EspressoCup,SM_Cup,2.239151,65.0,100.0,0.4,-5.554459,57.0,0.4,0.04,47.5,15,0,64.814552,False
SM_EspressoCup,SM_Cup,2.976506,65.0,100.0,0.4,-5.554459,57.0,0.4,0.04,47.5,15,0,64.619278,False
SM_EspressoCup,SM_Cup,2.169477,65.0,100.0,0.4,-5.554459,57.0,0.4,0.04,47.5,15,0,64.288719,False
SM_EspressoCup,SM_Cup,2.565172,65.0,100.0,0.4,-5.554459,57.0,0.4,0.04,47.5,15,0,63.799915,False
SM_EspressoCup,SM_Cup,2.465041,65.0,100.0,0.4,-5.554459,57.0,0.4,0.04,47.5,15,0,64.149467,False
SM_EspressoCup,SM_Cup,2.248311,70.0,100.0,0.4,-5.554459,57.0,0.4,0.04,47.5,15,0,69.562859,False
SM_EspressoCup,SM_Cup,2.527418,70.0,100.0,0.4,-5.554459,57.0,0.4,0.04,47.5,15,0,68.996323,False
SM_EspressoCup,SM_Cup,2.580401,70.0,100.0,0.4,-5.554459,57.0,0.4,0.04,47.5,15,0,69.529968,False
SM_EspressoCup,SM_Cup,2.135427,70.0,100.0,0.4,-5.554459,57.0,0.4,0.04,47.5,15,0,69.610779,False
SM_EspressoCup,SM_Cup,2.483008,70.0,100.0,0.4,-5.554459,57.0,0.4,0.04,47.5,15,0,69.264015,False
SM_EspressoCup,SM_Cup,2.42204,70.0,100.0,0.4,-5.554459,57.0,0.4,0.04,47.5,15,0,69.435387,False
SM_EspressoCup,SM_Cup,1.428079,70.0,100.0,0.4,-5.554459,57.0,0.4,0.04,47.5,15,0,68.777756,False
SM_EspressoCup,SM_Cup,2.739242,70.0,100.0,0.4,-5.554459,57.0,0.4,0.04,47.5,15,0,69.575462,False
SM_EspressoCup,SM_Cup,1.48271,70.0,100.0,0.4,-5.554459,57.0,0.4,0.04,47.5,15,0,69.438232,False
SM_EspressoCup,SM_Cup,2.512112,70.0,100.0,0.4,-5.554459,57.0,0.4,0.04,47.5,15,0,68.159645,False
SM_EspressoCup,SM_Cup,2.400409,75.0,100.0,0.4,-5.554459,57.0,0.4,0.04,47.5,15,0,73.403404,False
SM_EspressoCup,SM_Cup,2.049866,75.0,100.0,0.4,-5.554459,57.0,0.4,0.04,47.5,15,1,73.268295,True
SM_EspressoCup,SM_Cup,2.385435,75.0,100.0,0.4,-5.554459,57.0,0.4,0.04,47.5,15,0,73.519112,False
SM_EspressoCup,SM_Cup,1.380738,75.0,100.0,0.4,-5.554459,57.0,0.4,0.04,47.5,15,0,74.666382,False
SM_EspressoCup,SM_Cup,2.473148,75.0,100.0,0.4,-5.554459,57.0,0.4,0.04,47.5,15,0,74.645515,False
SM_EspressoCup,SM_Cup,2.172529,75.0,100.0,0.4,-5.554459,57.0,0.4,0.04,47.5,15,0,73.116913,False
SM_EspressoCup,SM_Cup,1.931455,75.0,100.0,0.4,-5.554459,57.0,0.4,0.04,47.5,15,0,71.783211,False
SM_EspressoCup,SM_Cup,2.235596,75.0,100.0,0.4,-5.554459,57.0,0.4,0.04,47.5,15,0,74.343163,False
SM_EspressoCup,SM_Cup,1.972889,75.0,100.0,0.4,-5.554459,57.0,0.4,0.04,47.5,15,0,73.679756,False
SM_EspressoCup,SM_Cup,2.164625,75.0,100.0,0.4,-5.554459,57.0,0.4,0.04,47.5,15,0,73.334007,False
SM_EspressoCup,SM_Cup,2.564965,80.0,100.0,0.4,-5.554459,57.0,0.4,0.04,47.5,15,0,79.078331,False
SM_EspressoCup,SM_Cup,2.04166,80.0,100.0,0.4,-5.554459,57.0,0.4,0.04,47.5,15,0,79.177689,False
SM_EspressoCup,SM_Cup,2.319845,80.0,100.0,0.4,-5.554459,57.0,0.4,0.04,47.5,15,0,78.43541,False
SM_EspressoCup,SM_Cup,2.339792,80.0,100.0,0.4,-5.554459,57.0,0.4,0.04,47.5,15,0,78.866875,False
SM_EspressoCup,SM_Cup,2.704881,80.0,100.0,0.4,-5.554459,57.0,0.4,0.04,47.5,15,0,79.170815,False
SM_EspressoCup,SM_Cup,2.18777,80.0,100.0,0.4,-5.554459,57.0,0.4,0.04,47.5,15,0,79.702194,False
SM_EspressoCup,SM_Cup,2.105074,80.0,100.0,0.4,-5.554459,57.0,0.4,0.04,47.5,15,0,79.69014,False
SM_EspressoCup,SM_Cup,1.441595,80.0,100.0,0.4,-5.554459,57.0,0.4,0.04,47.5,15,0,78.98246,False
SM_EspressoCup,SM_Cup,2.040973,80.0,100.0,0.4,-5.554459,57.0,0.4,0.04,47.5,15,0,78.284523,False
SM_EspressoCup,SM_Cup,1.818019,80.0,100.0,0.4,-5.554459,57.0,0.4,0.04,47.5,15,0,78.881226,False
SM_EspressoCup,SM_Cup,2.095777,85.0,100.0,0.4,-5.554459,57.0,0.4,0.04,47.5,15,0,84.850121,False
SM_EspressoCup,SM_Cup,1.178504,85.0,100.0,0.4,-5.554459,57.0,0.4,0.04,47.5,15,0,81.099106,False
SM_EspressoCup,SM_Cup,1.757708,85.0,100.0,0.4,-5.554459,57.0,0.4,0.04,47.5,15,0,83.237183,False
SM_EspressoCup,SM_Cup,2.156157,85.0,100.0,0.4,-5.554459,57.0,0.4,0.04,47.5,15,0,82.938477,False
SM_EspressoCup,SM_Cup,2.398266,85.0,100.0,0.4,-5.554459,57.0,0.4,0.04,47.5,15,0,84.268303,False
SM_EspressoCup,SM_Cup,2.027587,85.0,100.0,0.4,-5.554459,57.0,0.4,0.04,47.5,15,0,83.276505,False
SM_EspressoCup,SM_Cup,2.128311,85.0,100.0,0.4,-5.554459,57.0,0.4,0.04,47.5,15,0,84.341156,False
SM_EspressoCup,SM_Cup,2.098278,85.0,100.0,0.4,-5.554459,57.0,0.4,0.04,47.5,15,0,84.10643,False
SM_EspressoCup,SM_Cup,2.065642,85.0,100.0,0.4,-5.554459,57.0,0.4,0.04,47.5,15,0,83.232857,False
SM_EspressoCup,SM_Cup,1.567055,85.0,100.0,0.4,-5.554459,57.0,0.4,0.04,47.5,15,0,83.779282,False
SM_EspressoCup,SM_Cup,1.648359,90.0,100.0,0.4,-5.554459,57.0,0.4,0.04,47.5,15,0,88.955925,False
SM_EspressoCup,SM_Cup,2.113016,90.0,100.0,0.4,-5.554459,57.0,0.4,0.04,47.5,15,0,89.205978,False
SM_EspressoCup,SM_Cup,1.50066,90.0,100.0,0.4,-5.554459,57.0,0.4,0.04,47.5,15,0,88.002831,False
SM_EspressoCup,SM_Cup,1.983984,90.0,100.0,0.4,-5.554459,57.0,0.4,0.04,47.5,15,0,86.322586,False
SM_EspressoCup,SM_Cup,2.665526,90.0,100.0,0.4,-5.554459,57.0,0.4,0.04,47.5,15,0,88.79863,False
SM_EspressoCup,SM_Cup,1.470211,90.0,100.0,0.4,-5.554459,57.0,0.4,0.04,47.5,15,0,89.255386,False
SM_EspressoCup,SM_Cup,2.149396,90.0,100.0,0.4,-5.554459,57.0,0.4,0.04,47.5,15,0,88.79184,False
SM_EspressoCup,SM_Cup,2.263964,90.0,100.0,0.4,-5.554459,57.0,0.4,0.04,47.5,15,0,85.677193,False
SM_EspressoCup,SM_Cup,2.229108,90.0,100.0,0.4,-5.554459,57.0,0.4,0.04,47.5,15,0,88.132767,False
SM_EspressoCup,SM_Cup,2.034295,90.0,100.0,0.4,-5.554459,57.0,0.4,0.04,47.5,15,0,88.331352,False
SM_EspressoCup,SM_Cup,2.574095,95.0,100.0,0.4,-5.554459,57.0,0.4,0.04,47.5,15,0,93.80397,False
SM_EspressoCup,SM_Cup,1.099879,95.0,100.0,0.4,-5.554459,57.0,0.4,0.04,47.5,15,0,90.735718,False
SM_EspressoCup,SM_Cup,1.985383,95.0,100.0,0.4,-5.554459,57.0,0.4,0.04,47.5,15,0,93.253761,False
SM_EspressoCup,SM_Cup,1.766098,95.0,100.0,0.4,-5.554459,57.0,0.4,0.04,47.5,15,0,93.525246,False
SM_EspressoCup,SM_Cup,1.66038,95.0,100.0,0.4,-5.554459,57.0,0.4,0.04,47.5,15,0,93.723022,False
SM_EspressoCup,SM_Cup,2.067197,95.0,100.0,0.4,-5.554459,57.0,0.4,0.04,47.5,15,0,93.027382,False
SM_EspressoCup,SM_Cup,2.103991,95.0,100.0,0.4,-5.554459,57.0,0.4,0.04,47.5,15,0,94.260109,False
SM_EspressoCup,SM_Cup,1.9337,95.0,100.0,0.4,-5.554459,57.0,0.4,0.04,47.5,15,0,92.260315,False
SM_EspressoCup,SM_Cup,1.748897,95.0,100.0,0.4,-5.554459,57.0,0.4,0.04,47.5,15,0,93.528236,False
SM_EspressoCup,SM_Cup,2.00571,95.0,100.0,0.4,-5.554459,57.0,0.4,0.04,47.5,15,0,91.038231,False
SM_EspressoCup,SM_Cup,1.979563,100.0,100.0,0.4,-5.554459,57.0,0.4,0.04,47.5,15,0,97.223907,False
SM_EspressoCup,SM_Cup,2.020151,100.0,100.0,0.4,-5.554459,57.0,0.4,0.04,47.5,15,0,99.136703,False
SM_EspressoCup,SM_Cup,1.651023,100.0,100.0,0.4,-5.554459,57.0,0.4,0.04,47.5,15,0,97.184517,False
SM_EspressoCup,SM_Cup,1.591255,100.0,100.0,0.4,-5.554459,57.0,0.4,0.04,47.5,15,0,97.916977,False
SM_EspressoCup,SM_Cup,1.931357,100.0,100.0,0.4,-5.554459,57.0,0.4,0.04,47.5,15,0,98.779587,False
SM_EspressoCup,SM_Cup,2.050656,100.0,100.0,0.4,-5.554459,57.0,0.4,0.04,47.5,15,0,95.312576,False
SM_EspressoCup,SM_Cup,2.493947,100.0,100.0,0.4,-5.554459,57.0,0.4,0.04,47.5,15,0,98.491249,False
SM_EspressoCup,SM_Cup,2.364543,100.0,100.0,0.4,-5.554459,57.0,0.4,0.04,47.5,15,0,98.897987,False
SM_EspressoCup,SM_Cup,2.046561,100.0,100.0,0.4,-5.554459,57.0,0.4,0.04,47.5,15,0,97.442657,False
SM_EspressoCup,SM_Cup,1.790038,100.0,100.0,0.4,-5.554459,57.0,0.4,0.04,47.5,15,0,99.617119,False
SM_EspressoCup,SM_Cup,1.427167,105.0,100.0,0.4,-5.554459,57.0,0.4,0.04,47.5,15,0,102.387039,False
SM_EspressoCup,SM_Cup,2.222895,105.0,100.0,0.4,-5.554459,57.0,0.4,0.04,47.5,15,0,101.691856,False
SM_EspressoCup,SM_Cup,1.854653,105.0,100.0,0.4,-5.554459,57.0,0.4,0.04,47.5,15,0,104.060684,False
SM_EspressoCup,SM_Cup,1.775044,105.0,100.0,0.4,-5.554459,57.0,0.4,0.04,47.5,15,0,102.783928,False
SM_EspressoCup,SM_Cup,1.473769,105.0,100.0,0.4,-5.554459,57.0,0.4,0.04,47.5,15,0,103.515633,False
SM_EspressoCup,SM_Cup,1.619313,105.0,100.0,0.4,-5.554459,57.0,0.4,0.04,47.5,15,0,101.663589,False
SM_EspressoCup,SM_Cup,2.04293,105.0,100.0,0.4,-5.554459,57.0,0.4,0.04,47.5,15,0,102.803658,False
SM_EspressoCup,SM_Cup,1.974634,105.0,100.0,0.4,-5.554459,57.0,0.4,0.04,47.5,15,0,104.719818,False
SM_EspressoCup,SM_Cup,1.89674,105.0,100.0,0.4,-5.554459,57.0,0.4,0.04,47.5,15,0,103.422058,False
SM_EspressoCup,SM_Cup,1.707356,105.0,100.0,0.4,-5.554459,57.0,0.4,0.04,47.5,15,0,104.372696,False
SM_EspressoCup,SM_Cup,10.494123,10.0,105.0,0.4,-5.554459,57.0,0.4,0.04,47.5,15,0,9.973815,False
SM_EspressoCup,SM_Cup,10.491667,10.0,105.0,0.4,-5.554459,57.0,0.4,0.04,47.5,15,0,9.988317,False
SM_EspressoCup,SM_Cup,10.492437,10.0,105.0,0.4,-5.554459,57.0,0.4,0.04,47.5,15,0,9.984228,False
SM_EspressoCup,SM_Cup,10.49002,10.0,105.0,0.4,-5.554459,57.0,0.4,0.04,47.5,15,0,9.998471,False
SM_EspressoCup,SM_Cup,10.524587,10.0,105.0,0.4,-5.554459,57.0,0.4,0.04,47.5,15,0,9.986349,False
SM_EspressoCup,SM_Cup,10.517106,10.0,105.0,0.4,-5.554459,57.0,0.4,0.04,47.5,15,0,9.977592,False
SM_EspressoCup,SM_Cup,10.565595,10.0,105.0,0.4,-5.554459,57.0,0.4,0.04,47.5,15,0,9.983638,False
SM_EspressoCup,SM_Cup,10.562746,10.0,105.0,0.4,-5.554459,57.0,0.4,0.04,47.5,15,0,9.991157,False
SM_EspressoCup,SM_Cup,10.500192,10.0,105.0,0.4,-5.554459,57.0,0.4,0.04,47.5,15,0,9.983712,False
SM_EspressoCup,SM_Cup,10.567837,10.0,105.0,0.4,-5.554459,57.0,0.4,0.04,47.5,15,0,9.996633,False
SM_EspressoCup,SM_Cup,7.370353,15.0,105.0,0.4,-5.554459,57.0,0.4,0.04,47.5,15,0,14.952911,False
SM_EspressoCup,SM_Cup,6.992299,15.0,105.0,0.4,-5.554459,57.0,0.4,0.04,47.5,15,0,14.974854,False
SM_EspressoCup,SM_Cup,6.992132,15.0,105.0,0.4,-5.554459,57.0,0.4,0.04,47.5,15,0,14.992436,False
SM_EspressoCup,SM_Cup,7.042836,15.0,105.0,0.4,-5.554459,57.0,0.4,0.04,47.5,15,0,14.94924,False
SM_EspressoCup,SM_Cup,7.004306,15.0,105.0,0.4,-5.554459,57.0,0.4,0.04,47.5,15,0,14.94285,False
SM_EspressoCup,SM_Cup,6.996148,15.0,105.0,0.4,-5.554459,57.0,0.4,0.04,47.5,15,0,14.988622,False
SM_EspressoCup,SM_Cup,7.000495,15.0,105.0,0.4,-5.554459,57.0,0.4,0.04,47.5,15,0,14.821018,False
SM_EspressoCup,SM_Cup,7.096146,15.0,105.0,0.4,-5.554459,57.0,0.4,0.04,47.5,15,0,14.910159,False
SM_EspressoCup,SM_Cup,6.998735,15.0,105.0,0.4,-5.554459,57.0,0.4,0.04,47.5,15,0,14.94487,False
SM_EspressoCup,SM_Cup,7.179999,15.0,105.0,0.4,-5.554459,57.0,0.4,0.04,47.5,15,0,14.966999,False
SM_EspressoCup,SM_Cup,5.240255,20.0,105.0,0.4,-5.554459,57.0,0.4,0.04,47.5,15,0,19.923704,False
SM_EspressoCup,SM_Cup,5.264327,20.0,105.0,0.4,-5.554459,57.0,0.4,0.04,47.5,15,0,19.907047,False
SM_EspressoCup,SM_Cup,5.258271,20.0,105.0,0.4,-5.554459,57.0,0.4,0.04,47.5,15,0,19.970171,False
SM_EspressoCup,SM_Cup,5.28546,20.0,105.0,0.4,-5.554459,57.0,0.4,0.04,47.5,15,0,19.905825,False
SM_EspressoCup,SM_Cup,5.303863,20.0,105.0,0.4,-5.554459,57.0,0.4,0.04,47.5,15,0,19.900764,False
SM_EspressoCup,SM_Cup,5.248477,20.0,105.0,0.4,-5.554459,57.0,0.4,0.04,47.5,15,0,19.959089,False
SM_EspressoCup,SM_Cup,5.293875,20.0,105.0,0.4,-5.554459,57.0,0.4,0.04,47.5,15,0,19.875362,False
SM_EspressoCup,SM_Cup,6.221418,20.0,105.0,0.4,-5.554459,57.0,0.4,0.04,47.5,15,0,19.922142,False
SM_EspressoCup,SM_Cup,5.303482,20.0,105.0,0.4,-5.554459,57.0,0.4,0.04,47.5,15,0,19.998379,False
SM_EspressoCup,SM_Cup,5.276642,20.0,105.0,0.4,-5.554459,57.0,0.4,0.04,47.5,15,0,19.936375,False
SM_EspressoCup,SM_Cup,4.193038,25.0,105.0,0.4,-5.554459,57.0,0.4,0.04,47.5,15,0,24.891731,False
SM_EspressoCup,SM_Cup,4.234478,25.0,105.0,0.4,-5.554459,57.0,0.4,0.04,47.5,15,0,24.951908,False
SM_EspressoCup,SM_Cup,4.220699,25.0,105.0,0.4,-5.554459,57.0,0.4,0.04,47.5,15,0,24.816399,False
SM_EspressoCup,SM_Cup,4.200704,25.0,105.0,0.4,-5.554459,57.0,0.4,0.04,47.5,15,0,24.985184,False
SM_EspressoCup,SM_Cup,4.245538,25.0,105.0,0.4,-5.554459,57.0,0.4,0.04,47.5,15,0,24.86268,False
SM_EspressoCup,SM_Cup,4.201821,25.0,105.0,0.4,-5.554459,57.0,0.4,0.04,47.5,15,0,24.833269,False
SM_EspressoCup,SM_Cup,4.259214,25.0,105.0,0.4,-5.554459,57.0,0.4,0.04,47.5,15,0,24.797377,False
SM_EspressoCup,SM_Cup,4.232018,25.0,105.0,0.4,-5.554459,57.0,0.4,0.04,47.5,15,0,24.885599,False
SM_EspressoCup,SM_Cup,4.213857,25.0,105.0,0.4,-5.554459,57.0,0.4,0.04,47.5,15,0,24.954195,False
SM_EspressoCup,SM_Cup,4.351467,25.0,105.0,0.4,-5.554459,57.0,0.4,0.04,47.5,15,0,24.956577,False
SM_EspressoCup,SM_Cup,4.520371,30.0,105.0,0.4,-5.554459,57.0,0.4,0.04,47.5,15,0,29.9687,False
SM_EspressoCup,SM_Cup,3.516139,30.0,105.0,0.4,-5.554459,57.0,0.4,0.04,47.5,15,0,29.941465,False
SM_EspressoCup,SM_Cup,3.530216,30.0,105.0,0.4,-5.554459,57.0,0.4,0.04,47.5,15,0,29.634182,False
SM_EspressoCup,SM_Cup,3.548705,30.0,105.0,0.4,-5.554459,57.0,0.4,0.04,47.5,15,0,29.918245,False
SM_EspressoCup,SM_Cup,4.39314,30.0,105.0,0.4,-5.554459,57.0,0.4,0.04,47.5,15,0,29.905664,False
SM_EspressoCup,SM_Cup,3.534036,30.0,105.0,0.4,-5.554459,57.0,0.4,0.04,47.5,15,0,29.809166,False
SM_EspressoCup,SM_Cup,3.505625,30.0,105.0,0.4,-5.554459,57.0,0.4,0.04,47.5,15,0,29.89772,False
SM_EspressoCup,SM_Cup,4.677261,30.0,105.0,0.4,-5.554459,57.0,0.4,0.04,47.5,15,0,29.668598,False
SM_EspressoCup,SM_Cup,3.60693,30.0,105.0,0.4,-5.554459,57.0,0.4,0.04,47.5,15,0,29.962954,False
SM_EspressoCup,SM_Cup,3.509407,30.0,105.0,0.4,-5.554459,57.0,0.4,0.04,47.5,15,0,29.867512,False
SM_EspressoCup,SM_Cup,2.999505,35.0,105.0,0.4,-5.554459,57.0,0.4,0.04,47.5,15,0,34.940739,False
SM_EspressoCup,SM_Cup,3.038818,35.0,105.0,0.4,-5.554459,57.0,0.4,0.04,47.5,15,0,34.317116,False
SM_EspressoCup,SM_Cup,3.922742,35.0,105.0,0.4,-5.554459,57.0,0.4,0.04,47.5,15,0,34.598923,False
SM_EspressoCup,SM_Cup,2.986109,35.0,105.0,0.4,-5.554459,57.0,0.4,0.04,47.5,15,0,34.940063,False
SM_EspressoCup,SM_Cup,3.061231,35.0,105.0,0.4,-5.554459,57.0,0.4,0.04,47.5,15,0,34.681034,False
SM_EspressoCup,SM_Cup,3.027572,35.0,105.0,0.4,-5.554459,57.0,0.4,0.04,47.5,15,0,34.672081,False
SM_EspressoCup,SM_Cup,3.028086,35.0,105.0,0.4,-5.554459,57.0,0.4,0.04,47.5,15,0,34.562515,False
SM_EspressoCup,SM_Cup,3.055084,35.0,105.0,0.4,-5.554459,57.0,0.4,0.04,47.5,15,0,34.879124,False
SM_EspressoCup,SM_Cup,3.059243,35.0,105.0,0.4,-5.554459,57.0,0.4,0.04,47.5,15,0,34.164253,False
SM_EspressoCup,SM_Cup,2.997057,35.0,105.0,0.4,-5.554459,57.0,0.4,0.04,47.5,15,0,34.550457,False
SM_EspressoCup,SM_Cup,3.233651,40.0,105.0,0.4,-5.554459,57.0,0.4,0.04,47.5,15,0,39.795086,False
SM_EspressoCup,SM_Cup,2.626953,40.0,105.0,0.4,-5.554459,57.0,0.4,0.04,47.5,15,0,39.247223,False
SM_EspressoCup,SM_Cup,2.643732,40.0,105.0,0.4,-5.554459,57.0,0.4,0.04,47.5,15,0,38.896069,False
SM_EspressoCup,SM_Cup,2.64973,40.0,105.0,0.4,-5.554459,57.0,0.4,0.04,47.5,15,0,39.642448,False
SM_EspressoCup,SM_Cup,3.315277,40.0,105.0,0.4,-5.554459,57.0,0.4,0.04,47.5,15,0,39.461693,False
SM_EspressoCup,SM_Cup,2.672008,40.0,105.0,0.4,-5.554459,57.0,0.4,0.04,47.5,15,0,39.407608,False
SM_EspressoCup,SM_Cup,2.663703,40.0,105.0,0.4,-5.554459,57.0,0.4,0.04,47.5,15,0,38.766346,False
SM_EspressoCup,SM_Cup,3.388255,40.0,105.0,0.4,-5.554459,57.0,0.4,0.04,47.5,15,0,39.090599,False
SM_EspressoCup,SM_Cup,2.638358,40.0,105.0,0.4,-5.554459,57.0,0.4,0.04,47.5,15,0,39.082432,False
SM_EspressoCup,SM_Cup,3.292876,40.0,105.0,0.4,-5.554459,57.0,0.4,0.04,47.5,15,0,39.826855,False
SM_EspressoCup,SM_Cup,2.426962,45.0,105.0,0.4,-5.554459,57.0,0.4,0.04,47.5,15,0,44.320515,False
SM_EspressoCup,SM_Cup,3.093139,45.0,105.0,0.4,-5.554459,57.0,0.4,0.04,47.5,15,0,45.982651,False
SM_EspressoCup,SM_Cup,3.287536,45.0,105.0,0.4,-5.554459,57.0,0.4,0.04,47.5,15,0,44.627155,False
SM_EspressoCup,SM_Cup,2.334765,45.0,105.0,0.4,-5.554459,57.0,0.4,0.04,47.5,15,0,45.127453,False
SM_EspressoCup,SM_Cup,3.124042,45.0,105.0,0.4,-5.554459,57.0,0.4,0.04,47.5,15,0,44.282475,False
SM_EspressoCup,SM_Cup,2.405826,45.0,105.0,0.4,-5.554459,57.0,0.4,0.04,47.5,15,0,44.577217,False
SM_EspressoCup,SM_Cup,2.352784,45.0,105.0,0.4,-5.554459,57.0,0.4,0.04,47.5,15,0,44.437866,False
SM_EspressoCup,SM_Cup,2.36433,45.0,105.0,0.4,-5.554459,57.0,0.4,0.04,47.5,15,0,44.332413,False
SM_EspressoCup,SM_Cup,3.2852,45.0,105.0,0.4,-5.554459,57.0,0.4,0.04,47.5,15,0,44.394958,False
SM_EspressoCup,SM_Cup,2.331362,45.0,105.0,0.4,-5.554459,57.0,0.4,0.04,47.5,15,0,44.599194,False
SM_EspressoCup,SM_Cup,3.131597,50.0,105.0,0.4,-5.554459,57.0,0.4,0.04,47.5,15,0,49.742043,False
SM_EspressoCup,SM_Cup,2.132715,50.0,105.0,0.4,-5.554459,57.0,0.4,0.04,47.5,15,0,48.77137,False
SM_EspressoCup,SM_Cup,3.085893,50.0,105.0,0.4,-5.554459,57.0,0.4,0.04,47.5,15,0,49.605804,False
SM_EspressoCup,SM_Cup,3.039112,50.0,105.0,0.4,-5.554459,57.0,0.4,0.04,47.5,15,0,49.275024,False
SM_EspressoCup,SM_Cup,3.121507,50.0,105.0,0.4,-5.554459,57.0,0.4,0.04,47.5,15,0,49.580551,False
SM_EspressoCup,SM_Cup,2.735926,50.0,105.0,0.4,-5.554459,57.0,0.4,0.04,47.5,15,0,49.715988,False
SM_EspressoCup,SM_Cup,2.152504,50.0,105.0,0.4,-5.554459,57.0,0.4,0.04,47.5,15,0,49.123055,False
SM_EspressoCup,SM_Cup,2.58799,50.0,105.0,0.4,-5.554459,57.0,0.4,0.04,47.5,15,0,49.334408,False
SM_EspressoCup,SM_Cup,2.471399,50.0,105.0,0.4,-5.554459,57.0,0.4,0.04,47.5,15,0,49.219284,False
SM_EspressoCup,SM_Cup,2.099565,50.0,105.0,0.4,-5.554459,57.0,0.4,0.04,47.5,15,0,49.696281,False
SM_EspressoCup,SM_Cup,2.730319,55.0,105.0,0.4,-5.554459,57.0,0.4,0.04,47.5,15,0,54.423046,False
SM_EspressoCup,SM_Cup,2.365175,55.0,105.0,0.4,-5.554459,57.0,0.4,0.04,47.5,15,0,54.639858,False
SM_EspressoCup,SM_Cup,2.729239,55.0,105.0,0.4,-5.554459,57.0,0.4,0.04,47.5,15,0,54.761124,False
SM_EspressoCup,SM_Cup,1.947664,55.0,105.0,0.4,-5.554459,57.0,0.4,0.04,47.5,15,0,54.610649,False
SM_EspressoCup,SM_Cup,2.519101,55.0,105.0,0.4,-5.554459,57.0,0.4,0.04,47.5,15,0,54.5303,False
SM_EspressoCup,SM_Cup,3.12207,55.0,105.0,0.4,-5.554459,57.0,0.4,0.04,47.5,15,0,53.811172,False
SM_EspressoCup,SM_Cup,2.469182,55.0,105.0,0.4,-5.554459,57.0,0.4,0.04,47.5,15,0,54.186241,False
SM_EspressoCup,SM_Cup,2.086522,55.0,105.0,0.4,-5.554459,57.0,0.4,0.04,47.5,15,0,53.993992,False
SM_EspressoCup,SM_Cup,1.904264,55.0,105.0,0.4,-5.554459,57.0,0.4,0.04,47.5,15,0,54.393612,False
SM_EspressoCup,SM_Cup,3.06473,55.0,105.0,0.4,-5.554459,57.0,0.4,0.04,47.5,15,0,53.932152,False
SM_EspressoCup,SM_Cup,1.909316,60.0,105.0,0.4,-5.554459,57.0,0.4,0.04,47.5,15,0,60.059906,False
SM_EspressoCup,SM_Cup,2.478031,60.0,105.0,0.4,-5.554459,57.0,0.4,0.04,47.5,15,0,59.10001,False
SM_EspressoCup,SM_Cup,2.591773,60.0,105.0,0.4,-5.554459,57.0,0.4,0.04,47.5,15,0,59.60862,False
SM_EspressoCup,SM_Cup,2.942009,60.0,105.0,0.4,-5.554459,57.0,0.4,0.04,47.5,15,0,59.23962,False
SM_EspressoCup,SM_Cup,2.786611,60.0,105.0,0.4,-5.554459,57.0,0.4,0.04,47.5,15,0,58.957504,False
SM_EspressoCup,SM_Cup,2.408947,60.0,105.0,0.4,-5.554459,57.0,0.4,0.04,47.5,15,0,58.500751,False
SM_EspressoCup,SM_Cup,2.73365,60.0,105.0,0.4,-5.554459,57.0,0.4,0.04,47.5,15,0,59.660709,False
SM_EspressoCup,SM_Cup,1.803556,60.0,105.0,0.4,-5.554459,57.0,0.4,0.04,47.5,15,0,58.762184,False
SM_EspressoCup,SM_Cup,1.796913,60.0,105.0,0.4,-5.554459,57.0,0.4,0.04,47.5,15,0,57.610615,False
SM_EspressoCup,SM_Cup,1.757886,60.0,105.0,0.4,-5.554459,57.0,0.4,0.04,47.5,15,0,59.209194,False
SM_EspressoCup,SM_Cup,1.643843,65.0,105.0,0.4,-5.554459,57.0,0.4,0.04,47.5,15,0,64.486557,False
SM_EspressoCup,SM_Cup,1.646654,65.0,105.0,0.4,-5.554459,57.0,0.4,0.04,47.5,15,0,63.777252,False
SM_EspressoCup,SM_Cup,2.566546,65.0,105.0,0.4,-5.554459,57.0,0.4,0.04,47.5,15,0,64.704201,False
SM_EspressoCup,SM_Cup,2.605868,65.0,105.0,0.4,-5.554459,57.0,0.4,0.04,47.5,15,0,63.974995,False
SM_EspressoCup,SM_Cup,1.619736,65.0,105.0,0.4,-5.554459,57.0,0.4,0.04,47.5,15,0,63.823162,False
SM_EspressoCup,SM_Cup,1.608334,65.0,105.0,0.4,-5.554459,57.0,0.4,0.04,47.5,15,0,63.864388,False
SM_EspressoCup,SM_Cup,2.534156,65.0,105.0,0.4,-5.554459,57.0,0.4,0.04,47.5,15,0,64.473717,False
SM_EspressoCup,SM_Cup,2.564998,65.0,105.0,0.4,-5.554459,57.0,0.4,0.04,47.5,15,0,64.445908,False
SM_EspressoCup,SM_Cup,2.275987,65.0,105.0,0.4,-5.554459,57.0,0.4,0.04,47.5,15,0,63.605137,False
SM_EspressoCup,SM_Cup,1.607906,65.0,105.0,0.4,-5.554459,57.0,0.4,0.04,47.5,15,0,63.914188,False
SM_EspressoCup,SM_Cup,2.725704,70.0,105.0,0.4,-5.554459,57.0,0.4,0.04,47.5,15,0,69.59272,False
SM_EspressoCup,SM_Cup,2.300904,70.0,105.0,0.4,-5.554459,57.0,0.4,0.04,47.5,15,0,69.308037,False
SM_EspressoCup,SM_Cup,2.169947,70.0,105.0,0.4,-5.554459,57.0,0.4,0.04,47.5,15,0,69.330048,False
SM_EspressoCup,SM_Cup,2.954411,70.0,105.0,0.4,-5.554459,57.0,0.4,0.04,47.5,15,0,68.403885,False
SM_EspressoCup,SM_Cup,2.44572,70.0,105.0,0.4,-5.554459,57.0,0.4,0.04,47.5,15,0,69.835884,False
SM_EspressoCup,SM_Cup,2.027961,70.0,105.0,0.4,-5.554459,57.0,0.4,0.04,47.5,15,0,68.262405,False
SM_EspressoCup,SM_Cup,2.60428,70.0,105.0,0.4,-5.554459,57.0,0.4,0.04,47.5,15,0,68.514633,False
SM_EspressoCup,SM_Cup,1.54315,70.0,105.0,0.4,-5.554459,57.0,0.4,0.04,47.5,15,0,69.950706,False
SM_EspressoCup,SM_Cup,1.497462,70.0,105.0,0.4,-5.554459,57.0,0.4,0.04,47.5,15,0,69.787659,False
SM_EspressoCup,SM_Cup,2.31882,70.0,105.0,0.4,-5.554459,57.0,0.4,0.04,47.5,15,0,69.476822,False
SM_EspressoCup,SM_Cup,2.365492,75.0,105.0,0.4,-5.554459,57.0,0.4,0.04,47.5,15,0,75.137398,False
SM_EspressoCup,SM_Cup,1.438307,75.0,105.0,0.4,-5.554459,57.0,0.4,0.04,47.5,15,0,73.671906,False
SM_EspressoCup,SM_Cup,1.95622,75.0,105.0,0.4,-5.554459,57.0,0.4,0.04,47.5,15,0,74.435684,False
SM_EspressoCup,SM_Cup,1.440917,75.0,105.0,0.4,-5.554459,57.0,0.4,0.04,47.5,15,0,73.269691,False
SM_EspressoCup,SM_Cup,1.426947,75.0,105.0,0.4,-5.554459,57.0,0.4,0.04,47.5,15,0,73.377205,False
SM_EspressoCup,SM_Cup,2.167439,75.0,105.0,0.4,-5.554459,57.0,0.4,0.04,47.5,15,0,73.269791,False
SM_EspressoCup,SM_Cup,1.385681,75.0,105.0,0.4,-5.554459,57.0,0.4,0.04,47.5,15,0,73.888367,False
SM_EspressoCup,SM_Cup,2.144199,75.0,105.0,0.4,-5.554459,57.0,0.4,0.04,47.5,15,0,74.545326,False
SM_EspressoCup,SM_Cup,2.169302,75.0,105.0,0.4,-5.554459,57.0,0.4,0.04,47.5,15,0,73.581245,False
SM_EspressoCup,SM_Cup,1.420159,75.0,105.0,0.4,-5.554459,57.0,0.4,0.04,47.5,15,0,73.931801,False
SM_EspressoCup,SM_Cup,1.322954,80.0,105.0,0.4,-5.554459,57.0,0.4,0.04,47.5,15,0,77.577423,False
SM_EspressoCup,SM_Cup,1.983397,80.0,105.0,0.4,-5.554459,57.0,0.4,0.04,47.5,15,0,78.301926,False
SM_EspressoCup,SM_Cup,2.245803,80.0,105.0,0.4,-5.554459,57.0,0.4,0.04,47.5,15,0,78.480865,False
SM_EspressoCup,SM_Cup,1.960554,80.0,105.0,0.4,-5.554459,57.0,0.4,0.04,47.5,15,0,79.633629,False
SM_EspressoCup,SM_Cup,1.313931,80.0,105.0,0.4,-5.554459,57.0,0.4,0.04,47.5,15,0,77.856201,False
SM_EspressoCup,SM_Cup,2.075256,80.0,105.0,0.4,-5.554459,57.0,0.4,0.04,47.5,15,0,80.07019,False
SM_EspressoCup,SM_Cup,2.32117,80.0,105.0,0.4,-5.554459,57.0,0.4,0.04,47.5,15,0,78.131332,False
SM_EspressoCup,SM_Cup,2.024893,80.0,105.0,0.4,-5.554459,57.0,0.4,0.04,47.5,15,0,78.537941,False
SM_EspressoCup,SM_Cup,2.01187,80.0,105.0,0.4,-5.554459,57.0,0.4,0.04,47.5,15,0,78.478409,False
SM_EspressoCup,SM_Cup,2.202993,80.0,105.0,0.4,-5.554459,57.0,0.4,0.04,47.5,15,0,77.824257,False
SM_EspressoCup,SM_Cup,2.187519,85.0,105.0,0.4,-5.554459,57.0,0.4,0.04,47.5,15,0,84.820358,False
SM_EspressoCup,SM_Cup,1.263853,85.0,105.0,0.4,-5.554459,57.0,0.4,0.04,47.5,15,0,83.131279,False
SM_EspressoCup,SM_Cup,1.957286,85.0,105.0,0.4,-5.554459,57.0,0.4,0.04,47.5,15,0,84.913597,False
SM_EspressoCup,SM_Cup,2.62873,85.0,105.0,0.4,-5.554459,57.0,0.4,0.04,47.5,15,0,81.706993,False
SM_EspressoCup,SM_Cup,1.871215,85.0,105.0,0.4,-5.554459,57.0,0.4,0.04,47.5,15,0,83.304482,False
SM_EspressoCup,SM_Cup,2.253172,85.0,105.0,0.4,-5.554459,57.0,0.4,0.04,47.5,15,0,84.27449,False
SM_EspressoCup,SM_Cup,2.445289,85.0,105.0,0.4,-5.554459,57.0,0.4,0.04,47.5,15,0,82.316956,False
SM_EspressoCup,SM_Cup,1.233562,85.0,105.0,0.4,-5.554459,57.0,0.4,0.04,47.5,15,0,84.700348,False
SM_EspressoCup,SM_Cup,1.25159,85.0,105.0,0.4,-5.554459,57.0,0.4,0.04,47.5,15,0,82.555305,False
SM_EspressoCup,SM_Cup,2.07456,85.0,105.0,0.4,-5.554459,57.0,0.4,0.04,47.5,15,0,83.984619,False
SM_EspressoCup,SM_Cup,2.154905,90.0,105.0,0.4,-5.554459,57.0,0.4,0.04,47.5,15,0,87.883911,False
SM_EspressoCup,SM_Cup,1.796832,90.0,105.0,0.4,-5.554459,57.0,0.4,0.04,47.5,15,0,87.677368,False
SM_EspressoCup,SM_Cup,2.215944,90.0,105.0,0.4,-5.554459,57.0,0.4,0.04,47.5,15,0,86.708359,False
SM_EspressoCup,SM_Cup,2.202663,90.0,105.0,0.4,-5.554459,57.0,0.4,0.04,47.5,15,0,82.522621,False
SM_EspressoCup,SM_Cup,1.225771,90.0,105.0,0.4,-5.554459,57.0,0.4,0.04,47.5,15,0,89.627693,False
SM_EspressoCup,SM_Cup,1.206903,90.0,105.0,0.4,-5.554459,57.0,0.4,0.04,47.5,15,0,89.910019,False
SM_EspressoCup,SM_Cup,1.1553,90.0,105.0,0.4,-5.554459,57.0,0.4,0.04,47.5,15,0,86.720711,False
SM_EspressoCup,SM_Cup,1.630526,90.0,105.0,0.4,-5.554459,57.0,0.4,0.04,47.5,15,0,87.003815,False
SM_EspressoCup,SM_Cup,1.815036,90.0,105.0,0.4,-5.554459,57.0,0.4,0.04,47.5,15,0,88.178902,False
SM_EspressoCup,SM_Cup,2.163792,90.0,105.0,0.4,-5.554459,57.0,0.4,0.04,47.5,15,0,88.003746,False
SM_EspressoCup,SM_Cup,2.015352,95.0,105.0,0.4,-5.554459,57.0,0.4,0.04,47.5,15,0,94.023766,False
SM_EspressoCup,SM_Cup,2.036598,95.0,105.0,0.4,-5.554459,57.0,0.4,0.04,47.5,15,0,92.933937,False
SM_EspressoCup,SM_Cup,1.573449,95.0,105.0,0.4,-5.554459,57.0,0.4,0.04,47.5,15,0,93.342499,False
SM_EspressoCup,SM_Cup,1.895133,95.0,105.0,0.4,-5.554459,57.0,0.4,0.04,47.5,15,0,93.761063,False
SM_EspressoCup,SM_Cup,1.990264,95.0,105.0,0.4,-5.554459,57.0,0.4,0.04,47.5,15,0,95.575592,False
SM_EspressoCup,SM_Cup,1.947421,95.0,105.0,0.4,-5.554459,57.0,0.4,0.04,47.5,15,0,93.536667,False
SM_EspressoCup,SM_Cup,2.094449,95.0,105.0,0.4,-5.554459,57.0,0.4,0.04,47.5,15,0,92.744072,False
SM_EspressoCup,SM_Cup,2.05309,95.0,105.0,0.4,-5.554459,57.0,0.4,0.04,47.5,15,0,93.018822,False
SM_EspressoCup,SM_Cup,2.090763,95.0,105.0,0.4,-5.554459,57.0,0.4,0.04,47.5,15,0,92.376297,False
SM_EspressoCup,SM_Cup,1.134589,95.0,105.0,0.4,-5.554459,57.0,0.4,0.04,47.5,15,0,94.005234,False
SM_EspressoCup,SM_Cup,1.915926,100.0,105.0,0.4,-5.554459,57.0,0.4,0.04,47.5,15,0,97.392288,False
SM_EspressoCup,SM_Cup,1.70288,100.0,105.0,0.4,-5.554459,57.0,0.4,0.04,47.5,15,0,97.438683,False
SM_EspressoCup,SM_Cup,1.785487,100.0,105.0,0.4,-5.554459,57.0,0.4,0.04,47.5,15,0,95.401985,False
SM_EspressoCup,SM_Cup,1.598986,100.0,105.0,0.4,-5.554459,57.0,0.4,0.04,47.5,15,0,101.439362,False
SM_EspressoCup,SM_Cup,1.679245,100.0,105.0,0.4,-5.554459,57.0,0.4,0.04,47.5,15,0,95.00975,False
SM_EspressoCup,SM_Cup,2.194774,100.0,105.0,0.4,-5.554459,57.0,0.4,0.04,47.5,15,0,98.116493,False
SM_EspressoCup,SM_Cup,1.086567,100.0,105.0,0.4,-5.554459,57.0,0.4,0.04,47.5,15,0,95.049042,False
SM_EspressoCup,SM_Cup,2.371044,100.0,105.0,0.4,-5.554459,57.0,0.4,0.04,47.5,15,0,98.533173,False
SM_EspressoCup,SM_Cup,1.907219,100.0,105.0,0.4,-5.554459,57.0,0.4,0.04,47.5,15,0,99.223312,False
SM_EspressoCup,SM_Cup,1.08002,100.0,105.0,0.4,-5.554459,57.0,0.4,0.04,47.5,15,0,99.168045,False
SM_EspressoCup,SM_Cup,1.694475,105.0,105.0,0.4,-5.554459,57.0,0.4,0.04,47.5,15,0,101.073929,False
SM_EspressoCup,SM_Cup,1.83451,105.0,105.0,0.4,-5.554459,57.0,0.4,0.04,47.5,15,0,102.296265,False
SM_EspressoCup,SM_Cup,1.522493,105.0,105.0,0.4,-5.554459,57.0,0.4,0.04,47.5,15,0,103.504265,False
SM_EspressoCup,SM_Cup,1.823703,105.0,105.0,0.4,-5.554459,57.0,0.4,0.04,47.5,15,0,102.629166,False
SM_EspressoCup,SM_Cup,1.578707,105.0,105.0,0.4,-5.554459,57.0,0.4,0.04,47.5,15,0,104.436287,False
SM_EspressoCup,SM_Cup,1.595742,105.0,105.0,0.4,-5.554459,57.0,0.4,0.04,47.5,15,0,103.942169,False
SM_EspressoCup,SM_Cup,1.84353,105.0,105.0,0.4,-5.554459,57.0,0.4,0.04,47.5,15,0,103.290222,False
SM_EspressoCup,SM_Cup,1.803251,105.0,105.0,0.4,-5.554459,57.0,0.4,0.04,47.5,15,0,103.399521,False
SM_EspressoCup,SM_Cup,1.890685,105.0,105.0,0.4,-5.554459,57.0,0.4,0.04,47.5,15,0,102.868103,False
SM_EspressoCup,SM_Cup,1.775171,105.0,105.0,0.4,-5.554459,57.0,0.4,0.04,47.5,15,0,101.251617,False
SM_EspressoCup,SM_Cup,0.0,105.0,105.0,0.4,-5.554459,57.0,0.4,0.04,47.5,15,0,-nan(ind),False

